SingularityNET	AGI	163876913.374	0.359732	1398280.0	455552782.0	-12.6617
Iconomi	ICN	157011897.146	1.57428	1061040.0	99735686.8829	-3.0265
Gnosis	GNO	156255301.4	141.46	295173.0	1104590.0	-3.88673
Substratum	SUB	152969856.849	0.676584	1655410.0	226091448.88	-8.62204
Blocknet	BLOCK	152559218.199	30.4296	103289.0	5013513.75632	-4.22859
Neblio	NEBL	147823540.916	11.5358	1729220.0	12814329.3847	-13.8351
Po.et	POE	147708327.617	0.0666341	9081310.0	2216707776.0	-0.75688
GameCredits	GAME	146708965.294	2.27967	1002420.0	64355352.0	-4.69772
Nexus	NXS	144599922.591	2.60449	1540240.0	55519476.9765	-11.1431
DigitalNote	XDN	143560002.274	0.0208189	3904510.0	6895657420.61	-4.81501
Civic	CVC	140955237.616	0.411308	5034680.0	342699966.0	-8.29968
WAX	WAX	138210156.592	0.280371	2572150.0	492954537.351	-16.004
Red Pulse	RPX	135071003.615	0.24859	26293300.0	543348500.0	-10.0211
Vertcoin	VTC	134928188.505	3.14397	1997500.0	42916500.0	-5.00836
XPlay	XPA	134879000.0	0.134879	701781.0	1000000000.0	-15.5168
Raiden Networ...	RDN	132763791.677	2.64739	2409570.0	50148936.0	-4.92525
Storj	STORJ	132279367.608	0.99141	4539140.0	133425492.59	-5.13561
High Performa...	HPB	128060259.222	5.76417	2587720.0	22216600.0	-8.45067
SuperNET	UNITY	126922748.941	155.531	905.642	816060.7785	-2.80187
Skycoin	SKY	126608020.435	16.9975	584747.0	7448626.0	-4.77931
DEW	DEW	120772380.718	1.16977	182041.0	103244552.962	-0.645849
Decentraland	MANA	120119551.173	0.114286	8332040.0	1051043445.16	-7.81055
Aragon	ANT	117354315.468	4.39857	1830150.0	26680106.3681	-6.01736
ZenCash	ZEN	116580325.68	36.2992	982108.0	3211650.0	-6.91343
Enjin Coin	ENJ	116518682.958	0.154086	5060970.0	756192535.064	4.95761
Dynamic Tradi...	DTR	115465067.85	0.0973312	20845.4	1186310945.0	-1.60398
SIRIN LABS Token	SRN	113986172.062	1.15208	23808500.0	98939459.119	6.68441
NAV Coin	NAV	112083551.037	1.79543	2166740.0	62427135.0248	-3.67625
Time New Bank	TNB	111906285.645	0.0685859	12995900.0	1631622325.37	-7.01758
MediBloc	MED	111246226.433	0.0375023	953554.0	2966384100.0	-7.46383
iExec RLC	RLC	110721250.356	1.40028	1172590.0	79070793.2388	-0.6116
Achain	ACT	109955700.0	0.366519	7224640.0	300000000.0	-1.76586
HTMLCOIN	HTML	106482805.983	0.00163001	234868.0	65326474060.2	-4.5535
Santiment Net...	SAN	104848345.515	1.67328	1243520.0	62660370.957	-4.65883
Storm	STORM	101988835.137	0.037293	1009360.0	2734798357.25	-1.87445
Ubiq	UBQ	100869698.229	2.54671	404256.0	39607846.2915	-5.70026
BLOCKv	VEE	100609618.896	0.0672987	422710.0	1494971208.89	-2.7625
DeepBrain Chain	DBC	99254700.0	0.110283	4393770.0	900000000.0	-2.37804
Monaco	MCO	98944398.1013	7.49832	3286810.0	13195542.215	-4.26278
Bluzelle	BLZ	98826090.0	0.598946	6982360.0	165000000.0	-7.09547
PayPie	PPP	95840250.0	1.1617	249881.0	82500000.0	-18.7716
Agoras Tokens	AGRS	93288720.0	2.22116	139654.0	42000000.0	-6.95052
BridgeCoin	BCO	89300340.0	3.30742	61254.9	27000000.0	0.27992
CRYPTO20	C20	88910883.6346	2.26035	1758710.0	39335007.2487	-3.95782
Ripio Credit ...	RCN	88471061.8597	0.180357	4495360.0	490533008.753	-6.86888
Cobinhood	COB	87163679.1195	0.243359	945.588	358169121.008	6.19416
Einsteinium	EMC2	86936471.802	0.401612	14179400.0	216468810.2	-1.41738
Peercoin	PPC	85591238.4839	3.47679	439882.0	24617891.3549	-4.22212
Jibrel Network	JNT	85277250.0	0.568515	5593160.0	150000000.0	-5.93595
XTRABYTES	XBY	85056580.0	0.197806	158285.0	430000000.0	-3.93627
IoT Chain	ITC	85055070.6277	2.21917	8229820.0	38327424.5	-8.11938
ETHLend	LEND	85019551.0131	0.0815217	2497300.0	1042906993.02	-4.66997
SophiaTX	SPHTX	84696358.0105	0.44671	639638.0	189600317.903	0.368409
Bibox Token	BIX	84410359.9786	0.801024	12949500.0	105378066.049	-7.33184
AirSwap	AST	83314950.0	0.555433	1945840.0	150000000.0	-6.58573
SingularDTV	SNGLS	82875000.0	0.138125	1090840.0	600000000.0	-7.52801
MediShares	MDS	82688074.0741	0.17137	3443040.0	482511957.017	-4.76184
VIBE	VIBE	82214089.71	0.411271	1540690.0	199902472.36	-9.07199
Counterparty	XCP	80471907.4804	30.7474	1404690.0	2617193.89218	-5.71847
CyberMiles	CMT	80457902.5218	0.180214	5288280.0	446457558.912	-2.38466
PACcoin	PAC	77951915.4025	3.03436e-05	256156.0	2.56897386607e+12	-8.20699
Metal	MTL	77882791.959	4.03517	14815200.0	19300994.0	3.18488
SONM	SNM	77494519.2	0.215502	876444.0	359600000.0	-5.05167
Telcoin	TEL	77336117.6158	0.00368783	724533.0	20970629778.4	4.95408
Asch	XAS	76651409.9867	0.827128	1357030.0	92671763.0	-8.38077
BitBay	BAY	75779864.0096	0.0750419	885156.0	1009834026.19	-0.855971
Wagerr	WGR	74380167.0	0.406449	269659.0	183000000.0	-2.49219
AdEx	ADX	73617416.0985	1.2219	13726600.0	60248315.0	-5.98491
Simple Token	OST	72904323.8558	0.267157	2145520.0	272889439.003	-6.26977
Viacoin	VIA	71485799.8193	3.11048	6320430.0	22982240.625	-2.03359
SpankChain	SPANK	70770033.2823	0.235866	480639.0	300043386.0	-15.1981
Ambrosus	AMB	70752123.4329	0.489326	1143420.0	144590975.0	-6.48073
Rise	RISE	69901923.328	0.61784	2269.48	113139200.0	17.3453
Eidoo	EDO	67675615.0282	2.31279	6904850.0	29261461.2776	4.73148
Quantum Resis...	QRL	67256800.0	1.2934	1401480.0	52000000.0	-10.0539
Trinity Netwo...	TNC	67108333.2662	0.201325	2382490.0	333333333.0	-5.18691
MobileGo	MGO	66607779.0841	0.679471	286248.0	98028877.0	-2.5743
WaBi	WABI	66406465.4338	1.46761	1206680.0	45248032.811	-8.1821
UTRUST	UTK	65903779.1286	0.247461	1954810.0	266319861.023	-10.0812
Melon	MLN	65486248.2	109.253	291730.0	599400.0	-3.07922
INS Ecosystem	INS	65139641.2253	2.31813	16825000.0	28100081.1971	-7.16944
Theta Token	THETA	64438608.8958	0.114402	6380130.0	563264706.0	-1.80594
Oyster	PRL	64006986.3603	0.904476	1140320.0	70766926.2205	-9.71776
Edgeless	EDG	63908141.6721	0.778928	729381.0	82046276.0	-7.74543
Gulden	NLG	63239595.456	0.161286	173195.0	392096000.0	-3.46779
Modum	MOD	62550227.294	3.42437	2990020.0	18266200.0	-8.99355
Tierion	TNT	62461000.0987	0.145773	4368680.0	428481269.499	-3.4178
Streamr DATAcoin	DATA	61520909.6214	0.0908521	315110.0	677154514.0	-3.93225
Centra	CTR	60756368.0	0.893476	924063.0	68000000.0	-2.89685
AppCoins	APPC	60348058.3522	0.603153	2423770.0	100054311.845	-5.53926
QLINK	QLC	59632560.0	0.248469	892684.0	240000000.0	-4.67795
Bread	BRD	59293580.0157	0.797081	5082670.0	74388399.693	-8.15564
ION	ION	57899951.0485	2.9379	966627.0	19707937.9994	-6.94442
Unikoin Gold	UKG	57736726.6632	0.411162	827107.0	140423304.35	-6.80476
Wings	WINGS	56567562.9565	0.630572	838929.0	89708333.0	-6.70344
Metaverse ETP	ETP	56370816.2781	1.51004	1310660.0	37330677.5172	-3.743
Genesis Vision	GVT	55762704.572	14.9627	1285140.0	3726780.89997	-7.37706
Triggers	TRIG	55062349.6533	1.71504	847399.0	32105577.5103	-5.17644
Nuls	NULS	54855039.9644	2.32783	1652460.0	23564882.3	-5.39032
Gifto	GTO	54797139.3912	0.347122	16631800.0	157861326.54	-9.08043
district0x	DNT	54092940.0	0.0901549	3356520.0	600000000.0	-0.582048
All Sports	SOC	54055518.456	0.122867	3646150.0	439951479.697	0.466421
CoinDash	CDT	53670473.7267	0.0824119	1228320.0	651246649.17	-9.41069
Etherparty	FUEL	52343399.4806	0.107892	460184.0	485146252.554	-5.87156
NAGA	NGC	52269824.0655	0.906324	202576.0	57672338.0	-4.22201
ATMChain	ATM	52149060.3237	0.0111901	19431.8	4660285459.8	1.69662
LBRY Credits	LBC	50862304.4091	0.343049	557502.0	148265421.001	-5.23807
MinexCoin	MNX	50754600.0	16.9182	54607.4	3000000.0	-2.19168
Burst	BURST	49772914.7444	0.0276464	457889.0	1800339818.0	-4.90032
Hive	HVN	49108875.0	0.130957	130851.0	375000000.0	-10.9236
Mercury	MER	48683100.0	0.486831	6586220.0	100000000.0	-2.03991
OriginTrail	TRAC	47409422.2634	0.186279	250528.0	254507605.599	-0.922151
Groestlcoin	GRS	47245288.2535	0.680538	4481600.0	69423438.8874	2.62014
Internet Node...	INT	47144700.0	0.314298	1365930.0	150000000.0	-3.9025
ECC	ECC	46780500.0	0.00187122	85619.5	25000000000.0	-2.66259
SaluS	SLS	46583716.5599	46.1257	185016.0	1009929.74762	-4.69248
Safe Exchange...	SAFEX	46140720.5725	0.0299002	46152.3	1543157590.0	-4.27075
Pura	PURA	46028232.7232	0.266406	66620.0	172774760.04	-0.74769
indaHash	IDH	45500932.5524	0.113771	221586.0	399934364.226	-8.04347
adToken	ADT	45482640.0	0.0758044	1130500.0	600000000.0	-4.75564
Crown	CRW	45345185.3223	2.63954	152415.0	17179199.9069	-10.9302
TaaS	TAAS	44815712.0479	5.50156	326315.0	8146000.7794	0.48661
Aeon	AEON	44666040.4594	2.88494	43122.6	15482485.0636	-5.98324
Steem Dollars	SBD	44469823.2666	5.06851	41345300.0	8773746.775	0.976166
DECENT	DCT	44050381.8936	0.85858	233715.0	51306089.0	-7.75589
Decision Token	HST	43890944.4942	1.39636	157662.0	31432398.8758	0.643674
COSS	COSS	43737760.056	0.669927	458830.0	65287352.2876	-3.6225
Energo	TSL	43236317.3966	0.0742855	1120170.0	582029028.5	0.617562
I/O Coin	IOC	43075022.5594	2.60536	130773.0	16533232.4743	-0.370351
DeepOnion	ONION	42934905.4963	4.28077	134894.0	10029715.5643	-7.64261
CloakCoin	CLOAK	42792398.1621	8.46755	325514.0	5053693.0	-6.90279
FirstBlood	1ST	42497013.7441	0.496702	423518.0	85558370.5	-4.61531
Presearch	PRE	41948425.0	0.270635	16982.3	155000000.0	-5.0976
Viberate	VIB	41709956.6589	0.252839	5585480.0	164966467.432	-4.78797
Dimecoin	DIME	41551312.556	7.70758e-05	135039.0	5.3909674056e+11	-0.553692
Lykke	LKK	41065374.2765	0.151036	64108.9	271891299.27	-6.11446
HempCoin	THC	40890389.1633	0.177415	450749.0	230478759.763	0.958363
Electra	ECA	40453347.3901	0.00175773	83762.2	23014539997.7	-20.8552
TokenCard	TKN	39647283.5487	1.62059	187203.0	24464721.8289	-2.64471
Delphy	DPY	39178237.1352	1.29159	1725510.0	30333338.8577	1.79568
Datum	DAT	38646000.5469	0.0479236	2523930.0	806408544.994	-9.98927
Shift	SHIFT	38599409.2847	3.29453	415624.0	11716211.2	-2.09428
Lunyr	LUN	38571991.5615	16.7861	1605400.0	2297853.07853	-8.12321
LOCIcoin	LOCI	38321580.0	0.58063	596733.0	66000000.0	-22.4642
Odyssey	OCN	38180400.0	0.0190902	6312440.0	2000000000.0	-8.38115
Namecoin	NMC	37384036.34	2.53685	126927.0	14736400.0	-2.67285
Nimiq	NET	37311015.0	3.55343	205756.0	10500000.0	-2.77114
Ink	INK	37272075.0	0.2091	52218000.0	178250000.0	-1.72939
Agrello	DLT	36451946.9126	0.423964	13779400.0	85978873.0	-11.0801
BitDegree	BDG	36082190.932	0.103643	119113.0	348139198.325	-5.67358
Cappasity	CAPP	36012758.3813	0.109422	183114.0	329118078.46	-11.1676
Qbao	QBT	35789957.2586	0.547654	5318560.0	65351403.0	-9.94153
Humaniq	HMQ	35495490.0637	0.217947	1158260.0	162862944.036	-7.17557
carVertical	CV	35467640.7996	0.00685817	350948.0	5171589622.24	-9.06612
Feathercoin	FTC	35416393.8834	0.184828	323505.0	191618120.0	-6.50349
bitCNY	BITCNY	34906101.318	0.162063	43863500.0	215386000.0	-1.26241
Diamond	DMD	34518876.7143	13.0396	19097.4	2647234.32577	-2.29874
Cofound.it	CFI	33900100.0	0.104308	1243150.0	325000000.0	-4.05846
Spectrecoin	XSPEC	33840072.7616	1.62808	67489.9	20785264.0912	-4.65937
Mooncoin	MOON	33598403.6279	0.000150305	27412.3	2.23534836685e+11	-3.13814
PotCoin	POT	33440701.6627	0.152428	137091.0	219386868.966	-3.62044
YOYOW	YOYOW	33327282.4654	0.144002	1123260.0	231436247.173	-7.21347
Pepe Cash	PEPECASH	33312538.0816	0.0474616	208726.0	701884009.0	-2.22731
SwftCoin	SWFTC	33206950.0	0.0189754	21802000.0	1750000000.0	-1.59979
SIBCoin	SIB	33138742.3173	2.02658	315459.0	16352052.3825	0.621835
Blocktix	TIX	32903400.0	0.822585	22845500.0	40000000.0	0.38333
Monetha	MTH	32711554.1159	0.150763	1444310.0	216973356.3	-3.93025
Voxels	VOX	32135460.0	0.153026	1358280.0	210000000.0	-5.92918
Flash	FLASH	30903480.0	0.0343372	119117.0	900000000.0	-5.41837
Worldcore	WRC	30791394.2455	0.175841	1789370.0	175109299.0	-2.40092
WhiteCoin	XWC	30273943.0968	0.121721	79074.5	248715859.193	-11.3782
WeTrust	TRST	30186138.7875	0.327585	297289.0	92147500.0	-10.8068
Zeusshield	ZSC	29651941.1488	0.0257134	777895.0	1153170765.0	-4.31623
Rivetz	RVT	29386718.3552	1.11973	90525.3	26244468.18	-3.71297
Unobtanium	UNO	29014131.6582	146.379	21544.1	198212.391519	-4.54492
Bloom	BLT	28751076.4838	0.728184	524996.0	39483257.6434	-6.37137
Lamden	TAU	28732981.2921	0.202038	281093.0	142215728.19	-12.5022
Trade Token	TIO	28730157.7864	0.340867	418423.0	84285535.961	-2.61318
Everex	EVX	28682775.0	1.73835	3477320.0	16500000.0	-0.94656
Game.com	GTC	28476390.0	0.0949213	3600770.0	300000000.0	15.9396
BitConnect	BCC	28297384.9066	3.06748	112746.0	9224961.5015	2.65023
LAToken	LA	28242081.7563	0.362825	1535980.0	77839404.0	-4.74445
SunContract	SNC	28058070.7685	0.245308	6138530.0	114378947.154	-3.54294
Selfkey	KEY	28016140.5865	0.0149224	609631.0	1877455408.41	-3.96484
iXledger	IXT	27563448.8261	0.770384	626410.0	35778843.8312	-3.49903
PoSW Coin	POSW	27276246.9	0.618509	95459.5	44100000.0	-6.34542
Karma	KRM	26954345.3573	0.0268092	34601.8	1005414013.0	-1.35059
BitClave	CAT	26852277.6783	0.0535552	709927.0	501394405.74	-7.00578
ColossusCoinXT	COLX	26589416.2242	0.00247926	56499.2	10724738923.8	-17.1596
Numeraire	NMR	26583245.7998	20.5625	277469.0	1292802.22735	-5.76621
Synereo	AMP	26493528.1155	0.322085	1030960.0	82256324.0	-8.90383
VeriCoin	VRC	26464184.19	0.859285	294387.0	30797912.4388	-7.60045
Pascal Coin	PASC	26014982.77	1.4581	143837.0	17841700.0	-7.51473
Olympus Labs	MOT	25663119.3394	0.697698	646579.0	36782561.136	-1.67086
Elastic	XEL	25539080.0918	0.285701	302104.0	89390937.0	-5.14551
Neumark	NEU	25524851.9401	0.888493	140185.0	28728253.2784	-3.69433
FairCoin	FAIR	25440269.0635	0.478256	12909.4	53193831.47	-5.72179
Zeepin	ZPT	25346864.0896	0.108059	1241980.0	234565044.0	-0.425264
DomRaider	DRT	25210144.05	0.0426207	7091.4	591500000.0	3.376
Phore	PHR	25022756.3154	2.96774	95500.5	8431586.43121	-6.4602
Hydro Protocol	HOT	24851119.3131	0.108336	497800.0	229389301.0	10.5
Matchpool	GUP	24618375.0	0.328245	3707400.0	75000000.0	-5.5347
Bodhi	BOT	24551560.0	0.613789	513036.0	40000000.0	2.97376
LEOcoin	LEO	24497484.0882	0.250034	14660.2	97976611.5335	-8.92872
Ormeus Coin	ORME	24376451.3721	1.43144	633562.0	17029321.0837	-8.14447
Moeda Loyalty...	MDA	24171012.6832	1.2314	347059.0	19628888.0	-6.48941
Maecenas	ART	23951188.8268	0.794397	5735.2	30150150.1476	-17.8856
BlackCoin	BLK	23833966.9948	0.310882	477706.0	76665638.3928	-2.63431
Soarcoin	SOAR	23718532.6647	0.0240022	60664.4	988181611.047	-3.54775
E-coin	ECN	23689076.7382	67.6129	74597.5	350363.27	-17.1525
Mintcoin	MINT	23440670.7805	0.000939609	311275.0	24947260808.0	15.8473
Bean Cash	BITB	23184477.7091	0.00981344	65992.8	2362523000.0	-6.4674
Aurora DAO	AURA	23137600.0	0.231376	44587.4	100000000.0	-6.64173
NoLimitCoin	NLC2	23115504.8614	0.112491	29709.4	205487593.331	-9.22693
GridCoin	GRC	23073065.1836	0.0591143	22714.6	390312753.151	-5.08566
Mothership	MSP	22909320.0	0.163638	257237.0	140000000.0	1.39567
QunQun	QUN	22882358.9703	0.0654966	9333830.0	349367127.0	-5.73418
SHIELD	XSH	22831137.0131	0.0473954	138584.0	481716306.079	-11.9412
BlockMason Cr...	BCPT	22632421.4904	0.501092	3567090.0	45166200.0	2.35868
Open Trading ...	OTN	22612770.4249	6.29465	58379.1	3592379.31019	-10.0995
Propy	PRO	22478297.7384	1.34714	8768380.0	16685940.3911	-7.52632
Peerplays	PPY	22355738.9307	5.65217	1362.0	3955248.85675	-8.29845
Expanse	EXP	21588652.9192	2.73053	209528.0	7906396.53078	-7.30002
HelloGold	HGT	21528518.4197	0.0818467	129380.0	263034654.051	-9.6508
Universal Cur...	UNIT	21087004.0112	1.62443	61505.5	12981171.2485	-2.34683
Aeron	ARN	21052330.0	1.61941	1749350.0	13000000.0	-7.76039
CanYaCoin	CAN	21028102.518	0.55503	667725.0	37886425.0906	-8.68461
MyBit Token	MYB	20914354.7847	7.47081	229948.0	2799476.19933	-1.54053
OAX	OAX	20881673.0108	0.834958	4909100.0	25009249.58	-11.3958
Snovio	SNOV	20711651.4252	0.0511397	592940.0	405001426.0	2.35413
Omni	OMNI	20636305.1922	36.8115	69820.6	560593.977214	-4.4485
Swarm City	SWT	20501930.1459	2.54714	344229.0	8049000.11223	-8.41452
Uquid Coin	UQC	20278500.0	2.02785	77537.8	10000000.0	-5.28104
NewYorkCoin	NYC	20056500.3441	0.00015173	22753.9	1.32185463284e+11	7.55647
Rubycoin	RBY	19854490.5653	0.784683	38285.7	25302562.3918	3.27585
OKCash	OK	19677520.1177	0.266844	326156.0	73741662.2359	-4.84209
Bounty0x	BNTY	19456326.8602	0.158344	238576.0	122873786.567	4.76175
Radium	RADS	19380051.4599	5.6158	200890.0	3450986.76233	-6.88009
Stox	STX	19119614.1755	0.453642	715726.0	42146922.4091	-6.52644
Boolberry	BBR	18926228.3013	1.70838	13671.5	11078465.1549	-5.35111
EncrypGen	DNA	18644193.976	0.299908	54029.7	62166377.609	-7.98157
Golos	GOLOS	18612212.2614	0.149473	225686.0	124518891.448	-13.9431
ProChain	PRA	18573177.0143	0.398154	3126890.0	46648224.09	11.256
MonetaryUnit	MUE	18412073.9534	0.147793	112553.0	124580148.948	-5.50594
CoinMeet	MEE	18357796.7037	0.0941765	2171100.0	194929698.0	4.09179
KickCoin	KICK	18343261.667	0.0571196	430080.0	321137782.25	-1.53853
E-Dinar Coin	EDR	18273248.0799	0.0206195	26817.6	886211987.679	-7.23188
ICOS	ICOS	18156160.4596	31.1323	300448.0	583193.675365	13.9804
Zoin	ZOI	17977507.6553	1.07393	108787.0	16739925.0	-13.7284
Playkey	PKT	17931164.0692	1.31542	6684.68	13631512.4213	-7.62078
AirToken	AIR	17897775.0	0.0170455	180888.0	1050000000.0	-6.37122
Covesting	COV	17767050.0	1.01526	46932.4	17500000.0	-10.1853
Oxycoin	OXY	17655410.9077	0.184564	14767.8	95660101.1449	1.0159
BitSend	BSD	17643035.64	0.971105	146643.0	18168000.0	-3.26533
Energycoin	ENRG	17496142.0281	0.143846	51599.6	121631063.972	-8.76051
OracleChain	OCT	17443110.0	0.581437	7971.94	30000000.0	-3.7745
Myriad	XMY	17407583.7462	0.011215	64613.0	1552169750.0	-7.91561
ClearPoll	POLL	17353747.688	2.47911	146624.0	6999991.0	-11.2874
Polybius	PLBT	17250917.7613	4.51482	34696.7	3820953.60641	-2.99595
Primecoin	XPM	17241767.3405	0.766888	65139.2	22482771.0703	-0.926854
Etheroll	DICE	17092711.2914	2.44125	92608.4	7001622.64879	-3.02353
Voise	VOISE	16988617.288	0.034053	484238.0	498887536.723	-9.42528
SolarCoin	SLR	16931756.624	0.427926	133341.0	39567020.0548	-16.588
Clams	CLAM	16915066.6086	5.89587	31387.7	2868968.72024	-4.41038
Blackmoon	BMC	16719802.9724	0.798493	904306.0	20939197.9296	-3.03163
Hacken	HKN	16664474.5497	4.35063	30241.4	3830358.94793	-18.1512
ATBCoin	ATB	16513963.2597	0.403422	2705300.0	40934711.6907	-3.18496
Unity Ingot	UNY	16484088.8	0.0816044	2521460.0	202000000.0	8.0644
GoByte	GBX	16395294.8404	21.8224	166462.0	751305.761072	-4.76238
Xaurum	XAUR	16340231.1407	0.128527	112631.0	127134618.724	-1.31757
LoMoCoin	LMC	16327202.1526	0.0722605	106368.0	225949199.806	-8.52727
Auroracoin	AUR	16257128.1114	1.87767	47617.1	8658139.13597	-1.86568
bitqy	BQ	16142457.0046	0.00554098	2933.74	2913285556.81	-1.61758
Neutron	NTRN	16118230.2247	0.47493	114077.0	33938117.6693	-17.0851
Nexium	NXC	15983273.0011	0.240274	61940.8	66521026.0	-7.06129
eBitcoin	EBTC	15777645.1313	0.834923	86626.8	18897126.0	-4.53535
bitUSD	BITUSD	15736845.378	1.06773	1446540.0	14738600.0	-1.06448
Primas	PST	15716608.0	0.306965	128514.0	51200000.0	-10.1096
BLUE	BLUE	15454083.4469	0.421721	25809.2	36645278.3876	-5.34211
Profile Utili...	PUT	15408137.8664	0.736409	3042180.0	20923342.6892	-11.1254
OneRoot Network	RNT	15044567.6014	0.0811021	317546.0	185501578.891	-1.16443
PRIZM	PZM	14978541.9191	1.02622	17792.6	14595839.02	22.1077
BitDice	CSNO	14948290.0	0.213547	11624.8	70000000.0	-11.0203
NuShares	NSR	14710118.0518	0.00529598	43394.4	2777600756.0	-21.6047
Dai	DAI	14699294.5314	1.0028	983433.0	14658251.4274	0.0621223
NeosCoin	NEOS	14696956.0643	3.98175	68029.0	3691079.5666	-2.82429
Target Coin	TGT	14691516.8131	0.0154253	1497.98	952429892.0	-15.3168
Paragon	PRG	14679571.5079	0.22606	158058.0	64936616.42	-9.14717
Quantum	QAU	14625834.9338	0.192215	37048.5	76091017.5262	-2.82349
FoldingCoin	FLDC	14412341.9497	0.0250862	51955.1	574512758.0	-5.6648
Blockport	BPT	14376142.5824	0.289863	90723.3	49596335.4494	-2.29182
Chronobank	TIME	14173780.6923	19.9599	373823.0	710112.8108	-2.57949
Databits	DTB	14169427.9322	0.622892	10959.8	22747808.5	-8.71722
LockChain	LOC	14168985.2602	1.5247	44671.1	9292966.0	-13.5616
Gambit	GAM	14116125.3378	11.7607	11634.9	1200279.34883	-6.62084
Exchange Union	XUC	14054560.0	7.02728	676862.0	2000000.0	-0.0724497
LIFE	LIFE	13977710.6879	0.00100896	120235.0	13853582587.9	-18.5885
Credo	CREDO	13920893.3829	0.0253157	612.623	549891702.891	11.2236
ALIS	ALIS	13822656.9092	0.35867	22958.5	38538648.0864	-1.62255
LIFE	LIFE	13743709.8244	0.000992069	120370.0	13853582587.9	-19.9511
Patientory	PTOY	13666940.0	0.195242	496676.0	70000000.0	-6.98788
Hedge	HDG	13635872.552	3.67576	47102.6	3709674.34	-10.3594
FlorinCoin	FLO	13586029.8731	0.0956905	90198.6	141978878.5	-8.88753
Syndicate	SYNX	13515198.2891	0.736073	5931370.0	18361220.0	1.91928
Mysterium	MYST	13269712.6756	0.682984	189510.0	19429024.2167	-4.71894
DubaiCoin	DBIX	13240524.5787	6.45541	209175.0	2051074.15	-0.218941
Aventus	AVT	13210020.0	2.20167	128554.0	6000000.0	-2.59384
NuBits	USNBT	13204291.2564	0.993599	8820170.0	13289356.4269	-0.537836
Circuits of V...	COVAL	13171000.0	0.013171	102908.0	1000000000.0	-6.29117
SportyCo	SPF	12993897.0466	0.255122	1239120.0	50932091.4959	6.4847
Viuly	VIU	12905060.8959	0.0207976	1425260.0	620507216.98	-16.7513
Spectre.ai Ut...	SXUT	12846492.3763	0.542582	2577380.0	23676591.5131	-8.46926
AICHAIN	AIT	12828053.1151	0.0662826	30243.3	193535756.218	-12.0684
InvestFeed	IFT	12826333.5679	0.0670198	12151.1	191381257.0	-5.84807
Hackspace Cap...	HAC	12723215.2852	0.0392318	36435.1	324308731.314	-0.55668
DecentBet	DBET	12721242.269	0.121478	68425.4	104720544.205	-12.1619
Espers	ESP	12634382.2158	0.000597977	21498.1	21128542094.1	5.49648
LUXCoin	LUX	12612124.1419	12.3978	346413.0	1017287.27209	-8.74819
Pluton	PLU	12597502.5897	14.8206	30838.2	849999.5	7.15833
Divi	DIVX	12406269.1382	2.41226	48878.3	5143006.61546	-7.7566
Incent	INCNT	12362820.2933	0.26866	66707.1	46016602.0	-11.7535
Russian Miner...	RMC	12200928.19	8096.17	33273.0	1507.0	-3.09954
Dovu	DOVU	12097241.6494	0.189632	14321.7	63793250.3447	3.91697
Rialto	XRL	12043828.7921	0.165574	2459.72	72739855.2434	-12.5498
BlockCAT	CAT	12034607.6312	1.63511	36410.4	7360121.11185	-11.2611
Bitcrystals	BCY	11934026.9891	0.514741	219849.0	23184527.7316	-11.3957
Elixir	ELIX	11825349.8604	0.378971	112667.0	31203838.4477	-2.22097
Solaris	XLR	11738301.4692	11.6453	69676.1	1007986.18062	-8.47169
Pirl	PIRL	11700278.6266	1.16344	68911.1	10056624.0	-11.395
KiloCoin	KLC	11582974.0052	0.0590071	2442.91	196297971.01	37.1666
Sphere	SPHR	11508739.368	3.73304	175400.0	3082940.27603	-6.15676
Global Curren...	GCR	11463154.5312	0.110483	37665.6	103754917.328	-10.5632
Ethorse	HORSE	11383889.6262	0.113457	12577.8	100336600.0	1.31708
Musicoin	MUSIC	11323093.4935	0.0183687	82105.9	616434124.0	-8.89596
Linda	LINDA	11302296.826	0.00188264	125510.0	6003429665.78	-3.66225
Dynamic	DYN	11141367.0722	2.33609	99733.7	4769237.08942	-7.53701
GET Protocol	GET	11117427.7314	1.07059	12954.4	10384393.4012	-20.2226
Change	CAG	11107582.8823	0.299316	758436.0	37109886.8163	9.66234
EarthCoin	EAC	11003091.3967	0.000937095	40267.9	11741703238.9	5.8384
Curecoin	CURE	10804790.641	0.453092	98985.3	23846791.912	-5.5952
OBITS	OBITS	10784171.786	0.688003	20199.5	15674599.9451	-15.5552
DCORP	DRP	10781049.41	1.33198	21860.5	8094002.47	-15.5414
Gatcoin	GAT	10651910.6749	0.0201032	450515.0	529861448.67	-12.3432
PinkCoin	PINK	10612958.0348	0.0277894	68184.7	381906699.491	-9.73122
CVCoin	CVCOIN	10576384.4003	1.07516	4148.47	9837033.0	-5.75415
Vcash	XVC	10529083.8021	0.684122	209755.0	15390652.2552	11.6769
Leverj	LEV	10425195.6005	0.0882814	57751.3	118090510.577	-12.0868
Stealthcoin	XST	10388899.4402	0.369671	16234.6	28103095.5639	-1.47532
Iungo	ING	10371480.0	0.259287	90103.5	40000000.0	-3.21313
ALQO	ALQO	10344462.4062	0.888472	190821.0	11642980.765	-11.7875
Everus	EVR	10222469.9414	0.391629	18395.0	26102433.5312	49.5979
Sequence	SEQ	10181512.6556	0.224335	42668.2	45385306.152	-12.5226
Flixxo	FLIXX	10130729.1837	0.135987	26279.7	74497776.8734	-5.29718
FedoraCoin	TIPS	10058189.3859	2.26961e-05	4344.02	4.43168182458e+11	20.9155
Aigang	AIX	9972745.03755	0.558463	58933.4	17857485.7019	-5.78871
RussiaCoin	RC	9969752.58075	1.19001	1576.16	8377872.94287	-3.21979
Lampix	PIX	9884650.86057	0.0730454	13359.2	135322017.0	-0.379449
Obsidian	ODN	9808150.0	0.392326	57955.3	25000000.0	-13.9442
Internet of P...	IOP	9745126.1318	2.95722	303859.0	3295367.31518	-8.69919
Memetic / Pep...	MEME	9676001.97637	0.448412	259916.0	21578374.2995	-1.8974
Block Array	ARY	9646202.15171	0.140963	97562.4	68430738.22	-12.3036
Pareto Network	PARETO	9554980.0	0.0477749	350969.0	200000000.0	-12.5321
Autonio	NIO	9546198.6533	0.145017	5187.07	65828135.0	-1.65916
AsiaCoin	AC	9478500.06808	0.00718418	1234.64	1319357263.89	-3.41297
Publica	PBL	9441616.3446	0.50808	34372.7	18582932.5	-10.4705
BitcoinZ	BTCZ	9166331.19127	0.00814966	64823.2	1124750135.74	-4.43871
ToaCoin	TOA	9107873.20121	0.00684208	17500.6	1331155613.67	-4.31179
onG.social	ONG	9105396.41833	0.666489	6122.18	13661735.48	2.69917
DopeCoin	DOPE	9050796.30731	0.0774597	56695.9	116845228.0	-11.9716
Elite	1337	8944210.34604	0.0003539	8740.86	25273270262.9	-4.51687
Polis	POLIS	8889073.24289	10.3892	91577.5	855607.096108	-18.5541
Payfair	PFR	8848724.0638	0.116323	20881.9	76070287.594	2.47293
Sprouts	SPRTS	8847894.97319	3.12429e-06	18152.4	2.83196981496e+12	2.29108
Monoeci	XMCC	8715394.92175	2.8309	38344.8	3078665.76769	-7.22714
Novacoin	NVC	8452058.15968	4.25881	34706.9	1984605.59632	-7.67893
Bulwark	BWK	8377645.39237	3.87003	111003.0	2164749.47026	-18.5636
BunnyCoin	BUN	8116364.67898	7.90773e-05	858.582	1.02638363715e+11	27.9918
TIES Network	TIE	8110411.8444	0.205006	71279.9	39561826.6997	-4.05422
HyperStake	HYP	8013477.64716	0.00705009	6639.37	1136648985.64	-5.90631
EuropeCoin	ERC	7961575.42596	0.795734	16423.8	10005322.6656	-7.90103
UFO Coin	UFO	7923103.93222	0.00222587	4364.69	3559553762.0	-6.81633
MyWish	WISH	7920061.07349	0.420719	35847.6	18825061.5577	-0.354585
CHIPS	CHIPS	7745205.81644	0.3728	658.764	20775766.675	8.30493
FLiK	FLIK	7743329.02643	0.12879	21283.8	60123682.1681	-10.0143
Eroscoin	ERO	7650117.3552	0.0409658	90830.0	186744000.0	-8.3652
B2BX	B2B	7642273.41754	0.462699	177013.0	16516727.7594	-13.5676
ATLANT	ATL	7635865.69211	0.57738	104877.0	13225026.3122	-1.13204
Riecoin	RIC	7540934.82147	0.181572	252802.0	41531374.9998	-9.63437
VeriumReserve	VRM	7457584.23097	4.98952	84887.6	1494649.63182	-7.20202
Breakout Stake	BRX	7437581.32576	1.18658	65801.3	6268082.49403	4.10409
Synergy	SNRG	7436647.62742	2.17529	17191.6	3418692.50878	-4.39736
Qwark	QWARK	7376499.68427	0.145801	20770.5	50592929.2959	-5.47733
Hush	HUSH	7373349.45887	2.29459	84534.6	3213362.5	-2.10218
Sharechain	SSS	7352478.55752	0.00342929	995.059	2144023561.01	-3.61811
Verify	CRED	7311456.82275	0.600159	15021.6	12182533.0	4.78979
Sumokoin	SUMO	7268516.34102	2.57105	64118.3	2827061.45	-12.0146
Dotcoin	DOT	7220561.02455	0.0255622	131710.0	282470250.0	1.22684
BitBoost	BBT	7199133.58764	0.555919	1733.48	12949968.5883	4.06651
Pesetacoin	PTC	6981323.74039	0.0526044	53451.1	132713684.414	-3.85108
DigiPulse	DGPT	6952290.23443	4.95657	16021.4	1402641.39	-8.95318
Bitcoin Plus	XBC	6934963.17158	66.0054	29203.5	105066.603211	-4.25049
Innova	INN	6858100.71776	3.72038	45826.5	1843387.15877	-0.791375
Bitmark	BTM	6852518.86392	0.840624	13024.4	8151705.0	0.890024
Bitzeny	ZNY	6780934.44665	0.0896777	13407.6	75614500.0	0.690476
GoldCoin	GLD	6694416.95911	0.163962	37940.3	40829076.0	-5.01006
TransferCoin	TX	6664622.00019	1.05259	230211.0	6331641.0	-3.78234
Social	SCL	6555088.08616	0.392191	8651.95	16714019.6643	-9.5038
TrezarCoin	TZC	6519523.0966	0.0714668	9630.35	91224500.0	-4.68085
vTorrent	VTR	6470694.81726	0.598254	98356.8	10815965.8227	-11.9604
Cryptopay	CPAY	6456712.824	0.101158	1064.4	63828000.0	-3.04349
Bitcloud	BTDX	6381257.24815	0.340209	24509.1	18756873.7104	-17.6632
Vsync	VSX	6332062.33192	0.0390476	38650.1	162162651.019	20.0977
Wild Crypto	WILD	6274532.02534	0.257433	28207.7	24373456.4929	2.63094
Devery	EVE	6225720.04293	0.0989491	21608.8	62918410.0	3.36626
AdShares	ADST	6218696.01539	0.320897	50838.1	19379103.0	2.70539
HollyWoodCoin	HWC	6177171.6013	6.49132	163053.0	951604.850985	-7.08771
Yocoin	YOC	6145383.78147	0.0450093	115420.0	136535866.62	-9.29353
Kore	KORE	6122041.66217	3.02702	68073.1	2022464.88697	-4.78154
BuzzCoin	BUZZ	6099644.61435	0.00034204	35901.1	17833132424.1	12.5724
Atmos	ATMS	6096863.0169	0.0607234	10201.0	100403847.889	-14.9438
CannabisCoin	CANN	6090504.56432	0.0788607	59205.1	77231175.5326	-9.15039
Hawala.Today	HAT	6035572.53584	4.10236	609107.0	1471244.0	-23.8105
Breakout	BRK	5996992.50487	0.330557	16244.7	18142082.9233	-5.95302
HEROcoin	PLAY	5993821.69124	0.0517299	2554.95	115867645.042	-19.4525
Opus	OPT	5990264.5125	0.042763	16770.2	140080548.898	-3.80759
Creditbit	CRB	5988088.85592	0.361605	86442.6	16559751.2643	-4.43864
CrowdCoin	CRC	5923149.344	5.38664	110991.0	1099600.0	-14.3653
Blockpool	BPL	5892631.82953	0.264316	3076.77	22293890.0011	-1.95348
AudioCoin	ADC	5839425.35333	0.0068521	5668.74	852209593.165	-3.3565
ExclusiveCoin	EXCL	5774584.9788	1.2958	331106.0	4456386.0	-6.43758
Anoncoin	ANC	5773784.72809	2.73598	2797.67	2110316.862	20.6824
TrueFlip	TFL	5726157.47046	0.916586	95050.7	6247267.0	-6.51795
Bitdeal	BDL	5721274.98625	0.0325843	40771.1	175583793.0	-2.29206
Social Send	SEND	5697218.11961	0.177903	9295.04	32024294.8101	-5.46445
Bela	BELA	5674364.01068	0.141831	32804.4	40007925.0	-7.00452
2GIVE	2GIVE	5639843.21349	0.0108591	9890.13	519365620.861	-7.73441
Denarius	DNR	5627023.38918	2.43121	49463.9	2314495.0001	-7.78372
Monkey Project	MONK	5572320.76996	11.8592	87244.1	469873.243554	-3.93126
Karbo	KRB	5550872.33925	1.04179	75567.6	5328206.58602	-5.39063
Blitzcash	BLITZ	5505951.80133	1.3342	17947.4	4126781.44306	-7.53557
Magnet	MAG	5454779.05876	0.364306	49167.6	14973069.5041	-7.4729
MCAP	MCAP	5377813.89	0.512661	132219.0	10490000.0	0.383815
Project Decorum	PDC	5272700.0	0.105454	129839.0	50000000.0	20.7383
BritCoin	BRIT	5121994.63315	0.24083	68219.5	21268092.1528	693.663
Upfiring	UFR	5114298.60186	0.321654	7536.69	15900000.0058	-8.71973
Interstellar ...	HOLD	5102202.12311	0.0381656	14155.2	133685887.897	-3.73327
ChainCoin	CHC	5033762.2173	0.342189	20373.3	14710473.5024	-9.51997
Creativecoin	CREA	5022071.86169	0.373747	5880.57	13437089.426	-2.83604
XGOX	XGOX	4998089.12999	0.00356451	9562.28	1402181261.94	-16.0757
MicroMoney	AMM	4988656.16976	0.475926	2075430.0	10481999.6591	-3.61376
Internxt	INXT	4977535.64457	7.90575	32401.9	629609.543	-20.4042
Masternodecoin	MTNC	4945878.18883	0.103059	5045.31	47990744.9988	-9.13887
Coinlancer	CL	4939395.85176	0.069897	47807.9	70666779.0	-10.2342
Altcoin	ALT	4909519.85123	39.858	974.807	123175.268484	-5.16994
Qvolta	QVT	4904983.62689	0.728523	99673.2	6732778.0	-7.84451
Bonpay	BON	4881734.24323	0.432383	52214.2	11290301.06	-11.3937
DraftCoin	DFT	4853061.12681	1.7356	204650.0	2796186.40632	-2.62037
vSlice	VSL	4692466.57906	0.140533	612.497	33390496.0334	-15.8676
MagicCoin	MAGE	4685371.99547	0.641445	4050.46	7304401.7733	1.01615
FlypMe	FYP	4676543.49353	0.26513	38410.4	17638681.0	-13.1462
Privatix	PRIX	4638766.00917	3.92229	1315.8	1182667.7806	-17.2043
SpreadCoin	SPR	4632366.94909	0.483777	32730.3	9575417.90762	-8.14626
Tokes	TKS	4596201.33393	3.01281	20075.8	1525553.0	-12.3633
GCN Coin	GCN	4490374.92707	2.96366e-05	5419.71	1.5151451e+11	-34.2123
Tracto	TRCT	4485274.4445	0.356059	15607.1	12596997.8136	-2.21039
Sexcoin	SXC	4459507.08041	0.0353802	10816.3	126045276.183	-2.1545
Terracoin	TRC	4445528.50062	0.199828	10434.3	22246774.7294	-1.94914
IncaKoin	NKA	4439181.44121	0.000332595	2030.84	13347108168.2	-13.628
Farad	FRD	4414135.96515	0.0324999	13348.5	135819986.066	-6.82266
Pylon Network	PYLNT	4397514.47389	12.9237	602.311	340267.452346	2.39394
TrustPlus	TRUST	4363327.74354	0.135986	3495.69	32086595.2637	-4.59962
PutinCoin	PUT	4341360.04819	0.0123143	48200.4	352546230.657	4.21346
Zeitcoin	ZEIT	4315720.1072	0.000116732	6015.26	36971182770.8	3.55672
SmileyCoin	SMLY	4309661.1025	0.00016601	2646.9	25960250000.0	32.1813
HunterCoin	HUC	4269447.9396	0.19996	47287.6	21351510.0	5.61092
Startcoin	START	4268203.63156	0.0946811	56041.5	45079785.0	-0.677674
Embers	MBRS	4237810.0	0.0847562	19445.3	50000000.0	-3.6224
Global Jobcoin	GJC	4229108.75124	0.314432	107826.0	13449994.7564	6.45727
Regalcoin	REC	4155454.39908	0.32467	21174.0	12799009.4529	-1.70426
Zero	ZER	4140019.6362	1.60062	21656.4	2586510.0	7.30195
ELTCOIN	ELTCOIN	4128993.0	0.0458777	9511.54	90000000.0	20.3547
ProCurrency	PROC	4105515.94513	0.0423539	67310.4	96933598.68	-2.84896
Indorse Token	IND	4087218.94745	0.0878817	172045.0	46508191.6651	-1.46241
Rupee	RUP	4022089.05595	0.175511	21488.0	22916450.0	-9.80935
EverGreenCoin	EGC	3968868.36329	0.297934	4983.74	13321300.5675	-3.83006
TeslaCoin	TES	3963618.17335	0.0532827	14611.8	74388463.2977	-10.4359
IntenseCoin	ITNS	3891475.89248	0.0107168	15576.2	363119204.658	-1.03199
FORCE	FOR	3864860.82919	0.0342378	14621.4	112882861.317	14.5184
e-Gulden	EFL	3838829.95795	0.234842	47865.4	16346437.0	-4.15738
Goodomy	GOOD	3768275.8695	0.00823937	1050.24	457350000.0	-9.49333
VIVO	VIVO	3764235.4264	3.16198	42815.4	1190467.81649	-21.9161
CampusCoin	CMPCO	3716408.71542	0.0108048	75641.5	343959047.407	6.18025
ParkByte	PKB	3708198.99833	0.778375	21258.6	4764026.33477	-7.9294
Dinastycoin	DCY	3689380.76207	0.00247668	454048.0	1489647738.94	86.5842
DNotes	NOTE	3684186.6275	0.0279593	7036.29	131769630.409	-31.5256
Chronologic	DAY	3680403.55113	5.90164	6448.64	623623.865761	8.40119
Photon	PHO	3672437.41347	0.000171052	30107.3	21469713382.3	29.4298
Primalbase Token	PBT	3511420.0	3511.42	742772.0	1000.0	2.27969
STRAKS	STAK	3499199.43268	2.12805	8836.11	1644322.00027	-22.9922
Crypto Bullion	CBX	3477882.55348	3.44635	1205.36	1009149.55053	-5.26101
FirstCoin	FRST	3457773.82487	1.84914	593949.0	1869936.2	1.63906
Zephyr	ZEPH	3442250.41241	0.0273215	1520.78	125990535.381	-2.95974
Magi	XMG	3429454.32203	0.442242	21848.0	7754700.6436	-6.90253
Quark	QRK	3422561.99845	0.0134554	1988.08	254363452.477	6.38897
eBoost	EBST	3316008.0	0.276334	65141.8	12000000.0	-5.93379
BlueCoin	BLU	3240399.87624	0.00563858	1430.3	574683675.01	0.618463
TheGCCcoin	GCC	3085590.30142	0.00530261	8112.63	581900290.879	-8.78934
Pure	PURE	3040145.70894	0.92368	25836.7	3291340.842	-12.7634
InflationCoin	IFLT	2971489.06244	7.92483e-05	2767.59	37495934454.6	11.5748
Greencoin	GRE	2939927.77924	0.000775061	2171.5	3793156640.89	39.8046
Footy Cash	XFT	2916895.10244	0.636397	2102.58	4583452.0	2.25219
Condensate	RAIN	2913176.33633	0.0216219	7451.03	134732670.872	-20.6149
ArcticCoin	ARC	2889658.38508	0.11728	15959.4	24638969.8591	-8.32329
Oceanlab	OCL	2813556.9	0.0605066	1268.72	46500000.0	-1.54262
42-coin	42	2742194.90854	65290.4	7597.74	41.99997103	-3.20834
EquiTrader	EQT	2731980.29334	0.268025	14163.3	10193005.4784	0.0962834
Version	V	2680632.82928	0.00557507	768.707	480824963.504	-3.50355
Carboncoin	CARBON	2678626.4146	0.000174027	5040.14	15392016265.3	-16.8353
Intelligent T...	ITT	2662426.79961	0.271679	13216.7	9799899.14424	-15.2218
FundYourselfNow	FYN	2644367.0	3.11102	1858.94	850000.0	-8.93021
Ergo	EFYT	2630952.384	6.62208	6995.25	397300.0	-1.57654
Darcrus	DAR	2566488.43153	0.188707	944.297	13600388.07	-37.3794
LiteDoge	LDOGE	2558658.18945	0.000171222	18812.4	14943513038.3	-19.4617
bitJob	STU	2531346.59138	0.0526881	4280.07	48043990.7945	-2.005
Ethbits	ETBS	2487421.87304	1.78745	1703.07	1391603.61019	-4.81413
LendConnect	LCT	2458874.33712	1.13781	182127.0	2161058.821	-3.43866
LeviarCoin	XLC	2448206.4246	0.22921	4664.59	10681062.8882	-4.79763
Cream	CRM	2384421.746	0.0529424	561577.0	45038036.5454	9.42851
NobleCoin	NOBL	2382948.0432	0.00102631	20532.0	2321859909.0	3.19746
DigitalPrice	DP	2368366.1065	0.128329	6909.34	18455424.0	-14.097
NEVERDIE	NDC	2246775.93396	0.0547938	1578.71	41004200.0	-8.96458
Canada eCoin	CDN	2203315.55452	0.0226177	1363.21	97415544.2208	-4.18731
Fastcoin	FST	2147234.67098	0.0136842	1803.79	156913423.582	-5.5129
Bitcoin Scrypt	BTCS	2123497.65485	0.127348	14388.8	16674762.5	15.1338
CryptoPing	PING	2095770.61415	0.210586	6440.73	9952089.0	-8.26105
Unitus	UIS	2088731.607	0.0446445	4962.49	46785866.2768	-7.65187
Jetcoin	JET	2079310.69309	0.304718	118702.0	6823721.25404	5.90436
UnbreakableCoin	UNB	2072913.74465	0.909911	181751.0	2278150.0	-5.23451
OP Coin	OPC	2034330.85679	0.0324943	36177.5	62605775.6835	-7.68403
Etheriya	RIYA	2017970.29476	1.27596	1634.67	1581531.0	-5.25372
Unify	UNIFY	1999627.80761	0.112043	3027.42	17846967.75	-11.1277
InsaneCoin	INSN	1976939.68742	0.107489	7257.37	18392018.6012	0.0716344
Linx	LINX	1943070.99812	0.112278	13567.9	17305892.5	-6.94894
Machinecoin	MAC	1937736.95412	0.0948395	1228.54	20431750.0	-6.57506
WorldCoin	WDC	1930635.70787	0.0163727	3020.23	117917979.8	0.286583
Adzcoin	ADZ	1919238.65627	0.0441165	2157.71	43503873.9761	-23.1109
MAZA	MZC	1895452.88993	0.00179605	2539.47	1055345279.88	-9.04577
EthBet	EBET	1863535.4375	0.219175	2611.56	8502500.0	5.50675
Growers Inter...	GRWI	1849029.18309	1.57288	23471.4	1175569.13629	-4.11418
NetCoin	NET	1817633.00232	0.0023092	3330.77	787126711.552	6.9778
LeafCoin	LEAF	1802913.45984	8.5526e-05	968.096	21080296750.0	-3.77851
Skeincoin	SKC	1785799.64479	0.135559	5605.64	13173597.0669	-2.3803
Universe	UNI	1784599.24701	0.112628	4004.96	15845076.2423	35.9948
Copico	XCPO	1784538.42341	0.113328	4076.21	15746668.2851	-15.5123
AurumCoin	AU	1774726.51204	5.96288	550.099	297629.08394	-3.76861
Kubera Coin	KBR	1763526.13412	0.0154123	123868.0	114423294.0	-4.92967
PopularCoin	POP	1755647.53841	0.000514166	5863.89	3414553934.75	-7.28588
HomeBlockCoin	HBC	1752745.0	0.350549	92497.1	5000000.0	-10.2748
Moin	MOIN	1749089.39143	0.235658	4941.06	7422151.55619	-2.0165
SkinCoin	SKIN	1734040.00971	0.019664	16527.3	88183483.0	-10.65
CarTaxi Token	CTX	1718438.53729	0.0283595	4185.62	60594810.8145	-10.0644
Elementrem	ELE	1689198.86038	0.0649997	3082.13	25987794.7187	-17.9315
Suretly	SUR	1675082.25959	7.56351	31747.6	221468.902611	19.8301
Ethereum Cash	ECASH	1671399.9	0.118539	6303.0	14100000.0	-4.54578
Centurion	CNT	1656253.16008	0.0224188	1039.48	73877868.578	1.4469
FujiCoin	FJC	1636262.36395	0.00125113	4670.07	1307827615.0	-8.8153
Bata	BTA	1615664.73507	0.323192	9467.29	4999086.41015	-9.77755
Adelphoi	ADL	1615060.35844	0.0688073	982.834	23472224.0	-64.2168
Bytecent	BYC	1607359.53262	0.805312	8210.8	1995946.33213	-6.05378
FlutterCoin	FLT	1567770.23515	0.00359209	1611.25	436450711.189	-8.15223
FuckToken	FUCK	1503313.6109	0.0292514	25004.8	51392877.2948	-15.5134
Legends Room	LGD	1487782.0	0.743891	46811.5	2000000.0	-6.96676
Influxcoin	INFX	1466949.82981	0.876637	7657.41	1673383.42987	-4.60702
StarCredits	STRC	1458261.0	0.324058	621.533	4500000.0	7.18755
Zetacoin	ZET	1446668.45161	0.00863416	1003.4	167551730.755	-0.729649
Qbic	QBIC	1432483.57244	6.92925	144735.0	206729.959584	-20.9279
CryptoCarbon	CCRB	1412726.09838	0.396598	40768.4	3562111.0	9.97648
LanaCoin	LANA	1410924.01499	0.00161882	6825.61	871575601.359	1.18144
Cryptonite	XCN	1409191.3098	0.00359209	1730.76	392304009.587	-5.30924
Abjcoin	ABJ	1403751.10154	0.169839	1787.34	8265187.03915	-46.0792
TittieCoin	TTC	1397879.717	0.00110959	4300.3	1259816434.0	10.2667
Bitradio	BRO	1394913.20465	0.228037	1176.7	6117047.69247	-7.68649
Royal Kingdom...	RKC	1394498.7	0.516481	11696.7	2700000.0	-4.58517
Commodity Ad ...	CDX	1383690.735	0.0425097	2356.77	32550000.0	-47.1654
Authorship	ATS	1367376.0	0.0170922	3591.87	80000000.0	2.92516
Aricoin	ARI	1348002.61327	0.00684208	1419.9	197016494.0	-0.131296
HOdlcoin	HODL	1293158.60023	0.00786866	2952.81	164342925.0	-14.1267
Zennies	ZENI	1285373.94908	0.00128433	335800.0	1000812835.55	-9.55414
Monster Byte	MBI	1267808.48862	0.0753628	1929.33	16822736.0	-27.8406
Ethereum Gold	ETG	1263492.0	0.105291	19851.7	12000000.0	-7.39983
BitBar	BTB	1262683.65375	34.863	1850.26	36218.445164	-5.10374
Ace	ACE	1260453.11531	0.328922	396909.0	3832073.0	-11.6809
Elcoin	EL	1242357.06641	0.110836	5928.45	11208967.0	-2.58656
Megacoin	MEC	1240247.13834	0.0336972	1971.9	36805643.7431	-7.18043
BiblePay	BBP	1233840.69437	0.0030419	10337.5	405615140.0	7.94689
Kolion	KLN	1222746.0	2.03791	46955.0	600000.0	-2.92705
Cryptojacks	CJ	1201162.14975	0.00295439	18169.4	406568580.908	-1.67667
ERC20	ERC20	1200707.06189	0.000762479	494130.0	1574741156.0	-45.2495
Halcyon	HAL	1188640.43801	0.215012	1589.67	5528251.6232	-13.0684
Digitalcoin	DGC	1180549.68889	0.0419978	3956.85	28109798.344	0.649476
Guncoin	GUN	1173764.45363	0.00581577	619.653	201824428.0	-7.93917
iTicoin	ITI	1154748.8	36.0859	12982.5	32000.0	-20.3211
BlakeStar	BLAS	1151225.50912	0.00399903	2807.75	287876187.255	-5.5468
Pioneer Coin	PCOIN	1147609.81561	0.546254	171965.0	2100872.15035	9.54242
CryptoForecast	CFT	1136982.0	0.024717	1357.57	46000000.0	2.99264
Piggycoin	PIGGY	1129898.11842	0.00230917	519.682	489309196.995	1.06308
Soma	SCT	1118341.94503	0.275137	5218.55	4064673.03574	-20.2014
Eternity	ENT	1106520.57275	0.267525	1077.17	4136138.95056	3.18164
eBitcoinCash	EBCH	1097518.2435	0.118197	3654.64	9285500.0	4.73979
UltraCoin	UTC	1071394.63691	0.0234341	659.804	45719470.2128	-4.8114
DFSCoin	DFS	1066317.21871	0.0628372	9632.16	16969521.5368	-1.94442
Visio	VISIO	1065661.91547	0.0209191	10125.1	50942053.6958	6.65439
TrumpCoin	TRUMP	1049641.67178	0.160223	1285.6	6551129.81148	-0.597826
Bitcoin Red	BTCRED	1030465.41509	0.0501443	13310.1	20550000.999	14.4304
CoinonatX	XCXT	1030199.60291	0.0565555	7679.54	18215727.9647	-7.34447
Capricoin	CPC	1028901.02608	0.517024	70770.3	1990045.0	-3.20864
FuelCoin	FC2	1017455.90963	0.0100065	4609.61	101679499.288	18.3782
Scorecoin	SCORE	1009016.58375	0.0241753	1133.77	41737500.0	-22.1892
Triangles	TRI	994174.211118	9.47876	1334.92	104884.416434	-8.47793
RouletteToken	RLT	990065.907697	0.0969015	108755.0	10217240.2666	3.86683
Netko	NETKO	981134.80962	0.204428	4606.04	4799415.0	-1.6007
Nyancoin	NYAN	954552.208471	0.00299299	748.74	318929300.957	2.53368
CryptoInsight	TKR	950610.600386	0.0758683	2046.0	12529746.9482	-2.60915
Desire	DSR	941345.329926	0.929598	15487.6	1012637.0	-4.99473
HitCoin	HTC	940471.101735	8.5526e-05	4729.26	10996318099.0	-11.2369
Opal	OPAL	932088.733196	0.0615427	526.887	15145398.7751	-4.29351
SuperCoin	SUPER	924388.748644	0.0192504	1918.09	48019196.9332	58.9757
QubitCoin	Q2C	913636.179986	0.00367762	812.378	248431371.372	-8.055
MACRON	MCRN	900769.552067	0.00224395	928.561	401421400.685	7.8903
BigUp	BIGUP	894961.674832	0.000418739	1010.56	2137278053.47	-16.4261
UniCoin	UNIC	893540.977311	0.299255	544.983	2985884.8718	-3.80598
BlazeCoin	BLZ	884805.936705	0.00145394	2291.38	608557393.5	-12.0113
DROXNE	DRXNE	883299.880506	0.013171	2236.56	67063995.1792	-5.05336
Deutsche eMark	DEM	878816.398154	0.0253221	1116.74	34705510.1336	3.07611
BitTokens	BXT	875190.526725	1.51621	1950.82	577222.5	-0.123153
AmsterdamCoin	AMS	872865.214946	0.0173871	3605.3	50201886.1654	9.6309
TOKYO	TOKC	871657.024175	0.00733675	56972.5	118806968.232	-5.7202
Confido	CFD	857312.1	0.0952569	6502.38	9000000.0	-0.847132
Titcoin	TIT	850804.265219	0.0170508	1853.63	49898202.15	-0.551436
Sovereign Hero	HERO	844286.424	176.888	668.109	4773.0	-5.69993
PlatinumBAR	XPTX	843504.774702	1.49781	3122.24	563158.728211	-19.5453
Billionaire T...	XBL	840305.834371	0.25711	1900.55	3268273.6353	-2.52303
Happycoin	HPC	829209.663838	0.0619547	3444.84	13384128.4654	-0.356626
Minereum	MNE	824271.265167	0.38462	9579.37	2143079.57248	-2.35345
Rimbit	RBT	810408.314217	0.00410165	5740.22	197581050.118	-8.38633
Octanox	OTX	806937.394934	0.0949338	1802.89	8500001.0	3.66366
PureVidz	VIDZ	800096.774288	0.00638648	1455.81	125279774.506	-10.8916
Joulecoin	XJO	796543.438461	0.022754	681.564	35006743.3621	-0.524487
Bit20	BTWTY	782890.992	770562.0	5307.99	1.016	-13.0161
Prototanium	PR	779457.614159	3.96943	1997.22	196365.124	-12.8799
Blakecoin	BLC	773442.783889	0.0511445	2002.76	15122697.1402	-15.1569
Kurrent	KURT	763936.694763	0.0124491	1274.08	61364813.1	5.93161
WavesGo	WGO	761646.498436	0.0801419	1773.47	9503724.0	-13.7109
Shadow Token	SHDW	744576.0	0.106368	2603.53	7000000.0	-4.44544
Phoenixcoin	PXC	740387.928215	0.011546	570.063	64125058.7403	-9.08433
FUNCoin	FUNC	713287.140097	0.121959	1240.44	5848581.4093	-4.24572
GoldBlocks	GB	712239.395256	0.0463983	2406.31	15350549.3791	-3.65823
GlobalToken	GLT	697668.85888	0.0249424	3591.9	27971200.0	1.94349
MojoCoin	MOJO	696251.6638	0.0572293	5740.23	12166000.0	-9.1479
Senderon	SDRN	694961.316492	0.0158223	5930.29	43922901.0	11.8423
GanjaCoin	MRJA	694878.001515	0.156085	4358.71	4451920.43768	3.11252
iEthereum	IETH	685747.1664	0.0381352	2689.01	17982000.0	-9.27967
808Coin	808	682680.904033	0.000171606	3532.45	3978187849.1	-3.55137
Argentum	ARG	677841.882227	0.075575	2284.01	8969128.44495	-5.62158
HiCoin	XHI	665022.588243	0.0035051	42907.5	189729990.084	7.12383
Sterlingcoin	SLG	661676.221835	0.156573	1522.19	4225991.84939	-2.94079
Pakcoin	PAK	660039.661575	0.0135555	3203.25	48691650.0	-7.02514
Newbium	NEWB	655930.0	0.0131186	1005.76	50000000.0	-11.1899
PayCoin	XPY	648053.210166	0.0546511	1910.94	11858008.5335	-1.21189
WhaleCoin	WHL	646226.40561	0.0969502	4395.86	6665550.0	-21.0615
Motocoin	MOTO	636467.752719	0.0338337	14167.0	18811650.8901	22.6473
SecureCoin	SRC	628288.989072	0.0740722	3675.81	8482115.95	-0.691328
Dashcoin	DSH	624094.228315	0.0355104	773.486	17574970.3838	-1.96636
DigiCube	CUBE	623260.293182	0.000256578	2432.82	2429126009.17	-25.2661
Kayicoin	KAYI	610575.56289	0.0021473	62870.1	284345719.224	1.57604
DaxxCoin	DAXX	607378.245667	0.00119736	2968.0	507264520.0	-3.962
Gapcoin	GAP	604546.278816	0.0483222	736.697	12510735.8278	-3.60792
Signatum	SIGT	600241.119108	0.00555919	16493.8	107972765.656	-10.9257
Coin(O)	CNO	584983.242018	0.00555919	5073.62	105228143.312	11.7362
Steneum Coin	STN	572138.459794	0.264774	22299.7	2160855.89897	-16.3499
Crystal Clear 	CCT	561348.189098	0.109572	1750.57	5123098.86739	-9.22118
AllSafe	ASAFE2	517624.899173	0.0631226	61374.6	8200310.1769	16.4863
KushCoin	KUSH	516337.820486	0.0941047	520.867	5486844.12666	-2.84796
Fujinto	NTO	506324.174669	0.00769461	1001.04	65802448.0342	-9.75834
Ratecoin	XRA	506067.878174	0.0042763	807.638	118342463.853	-16.953
TEKcoin	TEK	483753.721713	0.000342104	10639.4	1414054561.52	-12.0374
LiteBar	LTB	470096.859542	0.53907	3714.45	872051.606548	-24.9274
ZoZoCoin	ZZC	469979.024067	0.795562	715.3	590750.971096	-21.8208
SagaCoin	SAGA	469240.886287	2.11571	58315.7	221788.849269	-16.5528
Ethereum Dark	ETHD	466062.0	0.310708	23772.6	1500000.0	-12.2868
Sugar Exchange	SGR	465461.5	0.132989	24016.8	3500000.0	-1.99776
Onix	ONX	454830.569557	0.0165798	1072.0	27432814.0	0.429937
Rupaya	RUPX	451880.90812	0.0731244	2589.12	6179618.67885	-2.35146
RedCoin	RED	450008.341197	0.00607234	1127.77	74107896.0	-10.1089
Garlicoin	GRLC	446365.776876	0.181398	6575.18	2460698.44693	-7.74935
Marscoin	MARS	445022.131723	0.0157368	862.212	28279074.0	-11.0314
C-Bit	XCT	441965.614654	0.00280389	1915.35	157625875.0	-7.08298
AdCoin	ACC	441879.278304	0.077636	5406.45	5691680.12654	-25.0659
Swing	SWING	440954.830425	0.147105	11706.9	2997551.61568	0.33249
bitBTC	BITBTC	437815.23342	10382.1	712.019	42.1702	-12.202
Madcoin	MDC	432268.751216	0.237561	3505.78	1819611.59961	-9.93233
Prime-XI	PXI	429416.636229	0.0226137	601.679	18989224.949	-2.83256
Hexx	HXX	428394.477101	0.281067	2757.07	1524172.091	-17.1934
LeaCoin	LEA	427383.597833	0.00127737	33096.1	334580894.99	26.5964
Evil Coin	EVIL	427033.280371	0.0203152	846.269	21020382.7858	-12.7801
Bolivarcoin	BOLI	422398.083987	0.0463373	1358.77	9115724.9988	3.15477
AquariusCoin	ARCO	410101.146616	0.258032	713.834	1589342.20026	-4.09694
ChanCoin	CHAN	409904.40669	0.0562892	5287.2	7282114.62749	-9.56872
PostCoin	POST	408099.208506	0.025718	3111.07	15868232.6972	-3.27471
SoonCoin	SOON	400770.441436	0.0321578	506.747	12462620.0	3.50579
Bitgem	BTG	393240.506732	6.54316	4409.71	60099.478957	-4.53785
BERNcash	BERN	392496.723415	0.00550994	835.347	71234300.8119	-14.4208
Ccore	CCO	390204.0	0.32517	640.589	1200000.0	8.70947
Emerald Crypto	EMD	387498.477258	0.0202697	5075.57	19117129.3733	1.35325
EOT Token	EOT	386756.135272	0.0186973	4098.96	20685132.8947	-5.49046
OctoCoin	888	386137.617302	0.00735523	1496.04	52498374.2591	-4.46733
Crypto	CTO	383095.195652	0.0293354	716.735	13059143.4121	-43.5735
ChessCoin	CHESS	379925.469174	0.00703139	1267.82	54032768.6523	-12.8049
PoSToken	POS	379083.197108	0.402581	560.342	941632.11157	3.49935
GlobalBoost-Y	BSTY	364820.655657	0.02663	1268.24	13699611.553	1.76688
CannaCoin	CCN	361863.771529	0.0769734	3249.31	4701153.53523	-8.19568
NevaCoin	NEVA	359675.91162	0.140022	9905.61	2568710.0	-3.30594
Helleniccoin	HNC	357116.403337	0.00547331	709.217	65246880.4685	-6.19027
Zlancer	ZCG	356126.80962	0.177388	2424.02	2007615.0	-13.6687
Pascal Lite	PASL	356071.9121	0.070901	1289.58	5022100.0	-19.2288
Nekonium	NUKO	350550.553666	0.0389998	1301.1	8988521.83	2.24989
SixEleven	611	346872.55154	0.792023	15125.3	437957.674891	7.33798
BriaCoin	BRIA	344411.844332	0.5	3136.95	688823.688663	50.2843
Litecoin Plus	LCP	338796.305452	0.333551	3338.17	1015725.64751	-5.77446
BumbaCoin	BUMBA	335596.302233	0.0148076	768.388	22663787.6653	-3.8527
Xios	XIOS	334727.976091	0.15571	993.1	2149688.36999	-3.03719
Bitcoin Fast	BCF	330052.889041	0.0570458	3655.48	5785752.65911	-8.67222
TajCoin	TAJ	329850.549221	0.0400583	8293.49	8234262.29324	-15.0986
Eurocoin	EUC	329200.108144	0.026513	514.66	12416554.4504	-3.89324
SpaceCoin	SPACE	319452.041147	0.0148006	1284.66	21583722.359	-6.73793
Dix Asset	DIX	311241.0	3.11241e-06	921.965	1e+11	-14.0273
Bitcoin Planet	BTPL	308051.589334	0.0496051	599.137	6210078.99054	26.5273
Atomic Coin	ATOM	303192.345227	0.0216997	10738.3	13972190.6398	-2.08794
Zurcoin	ZUR	299864.535436	0.00342104	629.653	87653034.0003	20.3705
Virtacoinplus	XVP	297941.036923	0.0272624	720.146	10928643.0	-10.4385
Quatloo	QTL	293773.734124	0.0380591	3218.23	7718882.84599	-6.98319
FinCoin	FNC	291342.492741	0.0226221	795.346	12878667.0	3.79428
Mao Zedong	MAO	290925.836424	0.0466116	671.14	6241490.02445	-3.37654
TagCoin	TAG	279896.796251	0.0447854	866.971	6249733.08825	-10.2996
ParallelCoin	DUO	274313.906656	0.873387	735.58	314080.592745	-13.9327
BitCoal	COAL	270518.85	0.0601153	1344.45	4500000.0	3.63889
DIBCOIN	DIBC	266699.0	0.0533398	805.359	5000000.0	-4.46881
Global Tour Coin	GTC	263283.206643	0.00880917	4110.21	29887402.1779	-17.434
LiteBitcoin	LBTC	261014.888875	0.00901907	3518.45	28940332.9695	-11.3888
Honey	HONEY	260265.791412	0.608399	839.364	427788.0	-13.5035
ReeCoin	REE	257070.08	0.000100418	3300.75	2560000000.0	-21.3316
300 Token	300	256578.3	855.261	2197.62	300.0	-2.89525
Dalecoin	DALC	256267.751236	0.554978	7036.0	461762.0	-8.46046
Darsek	KED	251403.064562	0.0145394	994.073	17291158.1332	-9.1516
Freicoin	FRC	250294.816017	0.00829602	2110.18	30170469.215	-24.7299
ICOBID	ICOB	246307.790389	0.0023009	686.761	107048455.121	7.82851
Manna	MANNA	232051.631877	0.00531338	1250.62	43673072.8608	-40.0287
Creatio	XCRE	222737.867162	0.0108544	681.05	20520514.0	6.7042
Advanced Inte...	AIB	219236.717089	0.00918201	3612.76	23876767.4059	-9.3407
Beatcoin	XBTS	216037.346979	0.141693	1598.79	1524686.09585	147.243
Evotion	EVO	212545.031787	0.0660343	2051.41	3218706.51747	-3.19871
Mincoin	MNC	211123.328813	0.0500327	573.035	4219706.88795	-3.6386
YENTEN	YTN	207009.822166	0.05773	968.624	3585827.51024	-20.7205
Acoin	ACOIN	206756.81684	0.169461	614.878	1220084.95666	-3.9257
BitQuark	BTQ	204713.142249	0.021467	946.533	9536178.425	-12.176
Cannation	CNNC	198349.073577	0.0800798	861.417	2476892.71923	-8.34674
Marijuanacoin	MAR	193966.326244	0.118881	942.92	1631600.72883	-3.87389
FuzzBalls	FUZZ	193696.250324	0.0401032	771.107	4829945.0	-10.1253
Ripto Bux	RBX	192472.012766	0.000504863	890.739	381236123.0	-8.79553
EcoCoin	ECO	190886.237681	0.16533	1196.57	1154577.13471	2.40887
CompuCoin	CPN	187890.504609	0.00957891	1056.22	19615019.309	-5.46664
CacheCoin	CACH	184964.214518	0.0440902	1445.52	4195132.12728	-15.6233
Cthulhu Offer...	OFF	183949.615919	0.0701313	3134.12	2622931.78536	-5.39374
Eryllium	ERY	179831.599998	0.0320195	3359.31	5616315.05796	-11.0462
Gold Pressed ...	GPL	170208.112387	0.66351	1143.17	256526.823088	4.59687
GPU Coin	GPU	169426.776933	0.00418575	1726.95	40477041.6133	-9.32174
X-Coin	XCO	163786.35361	0.0132246	12819.7	12384976.0	8.81631
Quebecoin	QBC	163741.369731	0.0106907	1085.66	15316244.0	-19.9888
Bitcedi	BXC	160496.255395	0.0278815	878.678	5756370.90526	5.23166
Neuro	NRO	156808.556032	0.00333551	2011.65	47011868.0599	-24.9472
Allion	ALL	145818.850647	0.0235216	2062.41	6199359.3398	-22.0274
Bolenum	BLN	143684.0	0.0143684	1197.33	10000000.0	-25.8477
Useless Ether...	UET	137063.872921	0.0345622	1078.64	3965716.09795	-8.40812
Coinonat	CXT	133890.70176	0.0155268	1011.65	8623200.0	2.76726
Master Swiscoin	MSCN	133701.874629	0.00296172	11217.3	45143320.3102	2.43125
SongCoin	SONG	133688.697825	0.00410525	1664.45	32565300.0	-1.66274
VapersCoin	VPRC	133441.935342	0.000171052	9614.19	780124964.0	16.1306
Solarflarecoin	SFC	123881.124559	0.00879622	701.462	14083450.0	-7.23322
Kronecoin	KRONE	115016.463658	0.0224993	2079.32	5112001.86931	-6.91265
Shilling	SH	113986.114575	0.0197565	888.237	5769550.0	48.1811
BenjiRolls	BENJI	109701.604061	0.00541039	8451.94	20276099.1465	-2.41189
Speedcash	SCS	109548.124105	0.418393	1550.47	261830.680974	2.82291
ZetaMicron	ZMC	102690.091741	0.000171052	523.113	600344291.45	-3.80664
BOAT	BOAT	88833.9767142	0.00478945	557.848	18547845.1	19.7061
LiteCoin Ultra	LTCU	84116.4765438	0.0841752	3158.54	999302.3663	-10.8127
Tychocoin	TYCHO	79497.0578064	0.0158223	1443.41	5024368.0	-2.19242
CryptoEscudo	CESC	73948.3966956	0.000513156	86534.5	144105100.0	68.1547
WomenCoin	WOMEN	60512.0801631	0.00136842	30406.6	44220400.2887	-17.1001
KingN Coin	KNC	53357.3776342	26.5602	910.543	2008.9222835	-3.6625
Wild Beast Block	WBB	49150.3954774	0.270177	1117.19	181919.243597	20.9693
Veros	VRS	42876.6796633	8.81132e-05	6862.16	486609040.0	-11.9939
Dollar Online	DOLLAR	33329.6400688	0.0442169	2121.69	753776.046463	-1.79577
Argus	ARGUS	28167.4702382	0.0245292	785.039	1148324.048	-3.45251
PRCoin	PRC	27697.528452	0.00153947	15398.7	17991600.0	15.0556
Bitvolt	VOLT	27142.9026724	0.00179605	1092.35	15112554.0338	-6.2834
Coimatic 3.0	CTIC3	24901.4055735	0.0110207	2977.51	2259512.152	10.8286
Elysium	ELS	23292.2290891	0.00581577	1533.46	4005012.07736	-0.891683
Coupecoin	COUPE	23170.7955206	0.000106151	1427.19	218281462.451	10.0997
Project-X	NANOX	22609.530432	288888.0	1727.62	0.078264	-16.6629
Aerium	AERM	13663.3463755	0.00898023	16417.0	1521491.80761	-13.4039
LevoPlus	LVPS	12885.9289272	0.00643134	2205.94	2003614.94295	-3.9327
Vault Coin	VLTC	12566.5174675	0.000413569	14213.7	30385540.182	26.9896
EXRNchain	EXRN	5816.565	3.87771e-05	1141.47	150000000.0	11.3527
CaliphCoin	CALC	5179.21042341	0.000778617	506.297	6651807.52977	-8.94847
Tristar Coin	TSTR	3870.11220578	0.000769734	11524.9	5027856.6437	-35.8738
HarmonyCoin	HMC	3638.12752472	0.00648236	7837.61	561235.032413	0.0396057
PizzaCoin	PIZZA	2474.80815897	0.00179605	8072.48	1377917.18436	36.4553
Abncoin	ABN	1789.14198785	0.0264275	1254.48	67700.009	-9.49275
NVO	NVST	27566550.0	1.83777	72.4249	15000000.0	-5.645
Xenon	XNN	15219780.0	0.0507326	114.798	300000000.0	36.6278
Prospectors Gold	PGL	12179019.0	0.188822	0.0	64500000.0	-2.82012
REX	REX	10805245.7932	1.24761	62.3806	8660756.0	10.4388
Tao	XTO	9815533.48173	0.299426	149.713	32781166.2372	-3.751
The ChampCoin	TCC	9549381.0116	0.0579011	220.454	164925727.0	-3.80758
REAL	REAL	7431168.31646	0.738992	120.961	10055817.0	13.4305
Virtacoin	VTA	6789582.16938	0.00130536	0.0813796	5201310113.21	-1.07034
DAO.Casino	BET	6204275.4643	0.0370912	337.048	167270820.688	-2.48954
EventChain	EVC	6166379.31854	0.197321	287.263	31250497.0	0.108079
MarteXcoin	MXT	4243787.22042	1.47161	226.987	2883771.66533	9.78909
EncryptoTel [...	ETT	3937209.99312	0.0633693	90.4555	62131189.6	-0.508716
Ixcoin	IXC	3769966.26846	0.17953	209.39	20999087.999	2.65359
Bowhead	AHT	2783520.0	0.34794	117.151	8000000.0	-34.2517
WandX	WAND	2580402.46735	0.210746	169.393	12244134.9651	-48.9564
Accelerator N...	ACC	2193383.61261	8.00832	458.573	273888.107944	-0.728202
ICO OpenLedger	ICOO	2074891.73416	4.45302	1.87377	465951.5866	8.0035
Renos	RNS	1844434.27388	0.0552953	459.839	33356076.8072	-7.59747
MetalCoin	METAL	1815842.46075	0.0236052	178.798	76925527.458	-3.02756
ShadowCash	SDC	1712347.28237	0.25576	20.0938	6695133.25917	-1.74902
PiplCoin	PIPL	1627488.465	0.0195039	337.635	83444258.0716	5.93111
KekCoin	KEK	1538765.20108	0.146078	173.654	10533860.0	-10.1933
Rustbits	RUSTBITS	1454141.527	0.0411928	0.0	35300866.3407	-9.71772
SmartCoin	SMC	1369672.87094	0.0572346	493.882	23930854.255	-2.29642
Orbitcoin	ORB	1335092.47916	0.424807	135.422	3142821.27923	-3.7785
I0Coin	I0C	1247556.04085	0.0594405	94.3494	20988316.7344	-9.1442
Ultimate Secu...	USC	1211023.38624	0.117085	3.51247	10343113.0054	-9.46584
InPay	INPAY	1171710.0	0.117171	83.1823	10000000.0	-3.94788
Kobocoin	KOBO	1165449.07667	0.0471837	375.963	24700247.6845	0.80062
Bitstar	BITS	991510.105684	0.0429602	346.196	23079736.7257	-14.7979
Trollcoin	TROLL	990249.83966	0.00173949	325.32	569275960.0	-3.08965
Fantomcoin	FCN	947097.117869	0.136842	153.172	6921099.64681	-4.13575
Woodcoin	LOG	928434.416571	0.115546	295.526	8035193.0536	-3.96766
HoboNickels	HBN	899806.851952	0.0140263	78.0593	64151405.0	0.511595
GAIA	GAIA	898723.643256	0.0372893	342.365	24101381.4487	-3.77851
Bitpark Coin	BPC	880275.0	0.011737	85.4796	75000000.0	-3.33958
SwagBucks	BUCKS	802068.40176	2.2569	426.96	355384.9979	-1.44771
BTCtalkcoin	TALK	798517.520914	0.0122302	22.3693	65290634.7332	33.5891
Tattoocoin (S...	TSE	734674.869297	0.00812497	469.153	90421856.2403	-4.71687
Cashcoin	CASH	709488.983991	0.0148815	163.95	47675905.2508	-4.32833
Bitcurrency	BTCR	696244.718915	0.00410525	35.5366	169598616.141	-21.7181
8Bit	8BIT	663624.03	0.452109	477.196	1467840.78618	8.42152
Truckcoin	TRK	625202.907059	0.00367762	127.673	170002041.282	-3.77851
AmberCoin	AMBER	624150.944465	0.0142828	26.5861	43699480.8066	-3.19888
Colossuscoin V2	CV2	605221.063689	0.000256578	287.56	2358819008.99	44.5604
DigitalDevelo...	DDF	595387.061775	0.116325	307.634	5118307.0	4.10879
Flycoin	FLY	540897.538636	2.56586	28.1107	210805.553941	-3.77852
BlockPay	BLOCKPAY	525706.42765	0.0968455	39.9651	5428300.0	-3.91607
Valorbit	VAL	521714.147323	8.5526e-05	97.5013	6100064861.25	-3.77851
Sativacoin	STV	513787.996112	0.0724738	100.007	7089292.90464	-13.0576
Joincoin	J	509702.871386	0.166861	50.1718	3054655.5	0.732685
Mineum	MNM	489074.626494	0.0518287	413.682	9436366.84876	0.183384
GoldReserve	XGR	471419.688799	0.0274538	337.904	17171382.06	-4.39311
VoteCoin	VOT	440648.442337	0.0267471	374.128	16474625.0	-14.191
PX	PX	431884.949192	0.0043917	0.0	98341177.4921	-3.11945
Grimcoin	GRIM	424392.093111	0.00684519	95.8746	61998584.8619	-8.65934
GameUnits	UNITS	417327.470584	0.120164	96.3774	3472982.5121	18.5656
RevolverCoin	XRE	404488.206955	0.0179605	69.5911	22520988.1103	-3.39281
Rubies	RBIES	400848.674997	0.0384867	110.627	10415251.8921	-3.93141
iCoin	ICN	399859.778726	0.0135986	173.681	29404481.25	-23.8845
Philosopher S...	PHS	392987.831519	0.0653418	85.1541	6014340.46076	-10.9253
WayGuide	WAY	385023.673321	0.00384867	4.25637	100040708.432	-3.77849
GlobalCoin	GLC	384593.029455	0.00590129	6.14667	65171009.975	-6.48897
Coin2.1	C2	368432.125464	0.00470864	271.036	78245974.52	-11.7601
Catcoin	CAT	350871.318041	0.0557629	272.674	6292199.97599	-5.40258
QuazarCoin	QCN	348104.039155	0.0513156	145.832	6783590.93833	38.7334
bitGold	BITGOLD	329862.3072	1698.92	292.484	194.16	3.77984
Chronos	CRX	318064.419989	0.00431391	394.221	73729961.9115	-49.4531
VirtualCoin	VC	312454.836892	0.0310459	15.5695	10064286.6495	-4.24684
Independent M...	IMS	302894.831612	0.0564162	223.716	5368933.59731	-21.2686
RonPaulCoin	RPC	291951.777375	0.320071	280.088	912146.921699	19.3379
Jin Coin	JIN	276010.09625	0.0277104	70.1143	9960523.71131	-21.4954
Dollarcoin	DLC	275716.696752	0.0302762	76.68	9106714.07746	5.13091
Cypher	CYP	271544.317297	0.0426602	0.0	6365284.67511	-2.07941
Trident Group	TRDT	266850.684204	0.316446	110.693	843274.0	-6.33895
BROTHER	BRAT	255353.6	0.00159596	392.241	160000000.0	12.1886
MustangCoin	MST	246867.627951	0.39164	314.465	630343.24367	-6.15686
SproutsExtreme	SPEX	245169.480387	8.5526e-05	87.4075	2866607585.84	-3.65153
Veltor	VLT	218433.09698	0.393676	310.439	554855.0	-8.30162
Bitcoin 21	XBTC21	209259.827944	0.263848	65.1515	793107.501077	33.1136
Impact	IMX	196724.525588	0.00179605	172.242	109531764.477	-3.77849
GoldPieces	GP	189752.10968	0.155514	137.535	1220160.94808	-12.3897
StarCash Network	STARS	189489.232378	0.213815	339.403	886229.835972	17.9185
PayCon	CON	184364.565882	0.00800103	353.294	23042604.0	-6.1299
Virta Unique ...	VUC	179443.530072	0.00290788	1.96291	61709400.0	-9.15069
Roofs	ROOFS	177894.6	0.00136842	42.4414	130000000.0	-0.237316
Franko	FRK	177279.467422	0.190466	10.2552	930767.0	-4.21771
EagleCoin	EAGLE	177170.997954	0.0846323	107.077	2093420.57293	-22.6145
Enigma	XNG	176423.163847	0.299833	0.0	588404.758138	-3.00678
SatoshiMadness	MAD	171110.455743	8.5526e-05	25.2651	2000683485.05	-3.77851
BitAsean	BAS	164381.5	0.0328763	370.49	5000000.0	-7.2992
BipCoin	BIP	161440.745135	0.0992101	78.0445	1627261.18747	-3.19433
iDice	ICE	160832.436727	0.102375	195.302	1571012.81296	20.4948
SOILcoin	SOIL	158493.556003	0.0277959	232.018	5702048.0	-6.61261
Spots	SPT	153425.454505	0.00684751	443.942	22406021.2405	-4.89092
BoostCoin	BOST	149050.741325	0.0125723	464.928	11855487.1682	-1.77391
Flaxscript	FLAX	146037.433468	0.0260854	162.295	5598435.65625	-2.4998
Money	$$$	145208.264423	0.00316446	407.221	45887217.5419	-6.31065
JavaScript Token	JS	145053.9282	0.0181499	0.0	7991996.0	-1.82861
bitEUR	BITEUR	144723.47514	1.34369	303.429	107706.0	-1.09366
Luna Coin	LUNA	141040.322555	0.0826523	156.496	1706429.49506	0.219149
Braincoin	BRAIN	139860.267384	0.0138552	21.2372	10094424.2872	11.342
SecretCoin	SCRT	132410.707958	0.0313126	0.0	4228671.77935	-4.00974
Theresa May Coin	MAY	131588.399268	0.00419547	318.824	31364400.0	-10.3903
Digital Rupees	DRS	131060.802112	0.000256578	26.6235	510802960.94	-3.77851
Remicoin	RMC	127468.428566	0.0679931	23.097	1874725.94375	-1.92808
Debitcoin	DBTC	125872.486811	0.00699306	202.011	17999629.1768	-6.52683
BnrtxCoin	BNX	124946.519178	0.00436182	473.017	28645501.0015	-9.15161
GuccioneCoin	GCC	117385.911247	0.00578668	0.0	20285537.0	-4.12373
HempCoin	HMP	116028.460467	8.5526e-05	27.3683	1356645469.99	-3.77851
AntiBitcoin	ANTI	110535.592767	0.00632892	111.155	17465158.7897	-14.2372
Firecoin	FIRE	110318.796048	1.12099	462.189	98411.9359207	-29.6535
Blackstar	BSTAR	107898.912436	0.000171052	30.1002	630795971.028	-3.77853
Asiadigicoin	ADCN	98415.0863545	0.00394749	49.6126	24931054.0	-10.0682
Iconic	ICON	97561.8161486	0.164552	162.06	592893.53	-11.9542
BillaryCoin	BLRY	97465.0081938	0.0108379	0.0	8992979.10054	-3.25751
CryptoWorldX ...	CWXT	96898.478698	0.00162499	137.788	59630200.0	7.54163
Sojourn	SOJ	96671.126076	0.199234	374.496	485214.0	-13.8887
PIECoin	PIE	95458.1388659	0.00863812	0.977904	11050800.2744	-16.3325
VectorAI	VEC2	91109.438612	0.00538814	16.1824	16909255.9978	-2.25512
MiloCoin	MILO	90536.4515234	0.00839081	223.76	10789953.7141	-8.86673
ExchangeN	EXN	87236.52	0.0171052	354.163	5100000.0	6.25
Printerium	PRX	85942.3066661	0.00726986	79.0083	11821727.8828	-4.66638
HealthyWormCoin	WORM	77661.3522459	0.000684208	178.612	113505472.38	-18.9954
Californium	CF	74479.3782424	0.0307038	109.084	2425738.125	-2.44892
Artex Coin	ATX	73433.4491507	0.00390983	247.72	18781749.8844	-14.2889
Pulse	PULSE	73376.0302932	0.00513156	179.552	14298971.52	17.7502
Ride My Car	RIDE	69294.5169573	0.000684208	0.856115	101276975.653	-3.7785
ARbit	ARB	65248.4689812	0.00795391	11.0075	8203320.0	-2.76104
Torcoin	TOR	61654.4913226	0.194999	4.09994	316178.500006	-5.02813
EGO	EGO	61578.6005763	0.00102631	27.3803	60000000.5615	-11.1802
Dreamcoin	DRM	60360.9240786	0.024546	43.0908	2459094.11222	-1.7527
GeertCoin	GEERT	59836.8690751	0.011753	307.688	5091199.615	-10.5834
Orlycoin	ORLY	59550.6492893	0.00162499	1.62499	36646778.9274	-3.77851
BowsCoin	BSC	56486.7223538	0.0101776	45.1811	5550102.41646	13.3699
Unrealcoin	URC	55871.4613118	0.00795391	9.05386	7024402.0	-5.66627
Credence Coin	CRDNC	54516.1288452	0.0159078	276.379	3427006.17591	40.2118
JobsCoin	JOBS	54404.4243622	0.000513156	33.2413	106019269.7	-27.855
PosEx	PEX	53083.455445	0.0216381	121.943	2453240.13869	-7.43712
GBCGoldCoin	GBC	51128.4024348	0.00450002	1.06284	11361816.7108	-22.9434
LetItRide	LIR	50141.3368224	0.00136842	118.521	36641774.3254	-18.2763
BiosCrypto	BIOS	49862.3712303	0.00239473	19.0566	20821709.0153	-7.09648
AnarchistsPrime	ACP	49263.4588978	0.0112093	238.687	4394873.80102	-6.5624
CoExistCoin	COXST	48295.452	0.00178212	2.92268	27100000.0	-2.08199
PlayerCoin	PLACO	48058.9104062	0.00136842	149.61	35120000.0045	-9.466
OsmiumCoin	OS76	47100.865784	0.052684	12.0158	894026.0	-4.70668
Zayedcoin	ZYD	45390.9060905	0.00726971	8.1348	6243840.00056	-3.80759
G3N	G3N	45271.6802766	0.00598682	14.0026	7561891.0	-0.948457
TAGRcoin	TAGR	43387.3291207	0.001122	0.0	38669633.7974	-2.89902
Slevin	SLEVIN	41907.7400146	0.000598682	78.352	70000000.0245	-25.1829
RSGPcoin	RSGP	41447.6689129	23.9574	108.716	1730.05705598	-3.75684
Steps	STEPS	41415.8915697	0.00222367	43.0267	18625017.0078	-7.34227
AgrolifeCoin	AGLC	37562.0361616	0.00444735	21.2748	8445936.60529	-3.7785
Destiny	DES	36399.8405619	0.0227499	72.5326	1600000.0247	-5.9295
CRTCoin	CRT	32542.4412302	0.410525	17.1151	79270.303222	-3.80661
ImpulseCoin	IMPS	32416.5032893	0.00160117	0.0	20245510.0266	-5.18916
BioBar	BIOB	29014.1868137	0.0327564	338.635	885756.274	34.9513
SocialCoin	SOCC	23688.6260229	0.0171052	153.952	1384878.63473	2.00096
Rawcoin	XRC	20941.7622672	0.0297096	177.433	704882.0	18.9696
FuturXe	FXE	20134.6249986	0.085526	66.819	235421.1	-19.8154
SydPak	SDP	19351.4023123	0.120763	49.9657	160242.808744	-19.256
P7Coin	P7C	18073.4764511	0.000513156	19.2561	35220238.0	-10.6353
CrevaCoin	CREVA	17817.1659352	0.000489607	224.466	36390750.0	4.58684
Antilitecoin	ALTC	16170.8865689	0.000513156	40.8012	31512613.2578	-3.77851
Concoin	CONX	14958.6988263	0.0200986	47.0643	744265.711357	-6.58908
NodeCoin	NODC	13493.7099326	0.00803944	32.7032	1678439.03712	-4.00219
Coimatic 2.0	CTIC2	11574.019765	0.00085526	292.343	13532750.0	-4.65314
Magnum	MGM	11183.2931963	0.00273683	45.3645	4086221.35693	-6.72253
GeyserCoin	GSR	10529.2404603	0.224677	37.8855	46863.9	-6.99416
Ulatech	ULA	10384.1718101	0.0488353	21.0969	212636.593	-3.80759
Litecred	LTCR	8943.39371682	0.000295867	431.444	30227750.0256	-68.2651
CCMiner	CCM100	7246.47042714	0.00215642	4.10582	3360417.0	-4.91189
Digital Credits	DGCS	2989.84596558	0.000513156	80.1235	5826388.00985	15.4321
Digital Money...	DMB	2089.862863	0.00496051	417.473	421300.0	-20.4949
Ebittree Coin	EBT	1297.7799836	0.00102631	132.286	1264510.7069	-3.80757
AppleCoin	APW	10.6784694191	8.69814e-05	0.0	122767.274602	-2.14105
ATMCoin	ATMC	?	5.87054	78800400.0	None	-2.70362
EDUCare	EKT	?	0.135621	23717400.0	None	2.16899
AI Doctor	AIDOC	?	0.0737537	16045000.0	None	1.11475
Ruff	RUFF	?	0.1243	13680400.0	None	-8.81441
Mobius	MOBI	?	0.268914	8405380.0	None	5.11769
Bitcoin Diamond	BCD	?	17.2041	7263890.0	None	-20.6584
DATA	DTA	?	0.0197411	6589240.0	None	-5.29634
THEKEY	TKY	?	0.0332719	5657060.0	None	16.5567
OFCOIN	OF	?	0.00359768	5372480.0	None	-3.70744
Medicalchain	MTN	?	0.292175	5209620.0	None	-6.13896
STK	STK	?	0.156409	5179250.0	None	-12.1187
SmartMesh	SMT	?	0.0592748	4175770.0	None	-6.46389
Hyper Pay	HPY	?	0.0628615	3856310.0	None	2.94109
WePower	WPR	?	0.118797	3770340.0	None	-7.16015
Genaro Network	GNX	?	0.394925	3546270.0	None	-8.54574
Zilla	ZLA	?	0.307997	3396860.0	None	-9.02579
Aidos Kuneen	ADK	?	44.4735	2605670.0	None	-4.742
HalalChain	HLC	?	0.344284	2584060.0	None	-6.84205
Rebellious	REBL	?	0.084935	2490590.0	None	-15.0174
Matryx	MTX	?	0.686511	1859060.0	None	-7.46794
RealChain	RCT	?	0.07686	1849740.0	None	-7.59629
United Bitcoin	UBTC	?	78.4846	1811950.0	None	-0.720988
Kcash	KCASH	?	0.185636	1494300.0	None	3.08052
Super Bitcoin	SBTC	?	23.5081	1373640.0	None	-7.91371
EchoLink	EKO	?	0.0732097	1332840.0	None	-10.9626
CFun	CFUN	?	0.0281938	1203670.0	None	-6.36922
Fargocoin	FRGC	?	8.7169	1013650.0	None	-0.142513
Nitro	NOX	?	0.403045	977187.0	None	2.82205
Fortuna	FOTA	?	0.0793376	950559.0	None	-12.94
BOScoin	BOS	?	0.534068	876354.0	None	-7.45944
Vezt	VZT	?	0.207671	820386.0	None	-15.0253
UG Token	UGT	?	0.800272	752713.0	None	-2.71345
CPChain	CPC	?	0.213729	724283.0	None	-16.5206
Animation Vis...	AVH	?	0.0379548	693313.0	None	0.625018
WINCOIN	WC	?	1.26767	620722.0	None	-3.94042
Titanium Bloc...	BAR	?	1.1892	543676.0	None	-2.6465
CoinFi	COFI	?	0.0901226	521073.0	None	-10.0882
ATN	ATN	?	1.43726	429876.0	None	-0.593074
Molecular Future	MOF	?	0.343443	421833.0	None	-11.6121
SwissBorg	CHSB	?	0.0593958	418947.0	None	0.801643
BitSoar	BSR	?	0.186276	387527.0	None	-7.3366
Bottos	BTO	?	0.136712	382834.0	None	-0.557122
Matrix AI Net...	MAN	?	0.648253	371182.0	None	-2.31817
MktCoin	MLM	?	0.0341928	351832.0	None	6.74645
Read	READ	?	0.0361962	342816.0	None	-2.58719
UnlimitedIP	UIP	?	0.0605133	329785.0	None	-0.730532
AidCoin	AID	?	0.29599	327421.0	None	-4.74708
SpaceChain	SPC	?	0.205577	313013.0	None	2.28423
COMSA [ETH]	CMS	?	1.17222	302722.0	None	-1.04815
Pundi X	PXS	?	1.59495	297844.0	None	-6.13317
CargoX	CXO	?	0.0905381	288270.0	None	-7.68706
Bitcoin Light...	BLT	?	6.84627	264735.0	None	-15.2844
POLY AI	AI	?	2.35175	246200.0	None	-28.8354
iQuant	IQT	?	0.138702	224275.0	None	-4.65833
Health Mutual...	HMC	?	0.0699056	199467.0	None	-3.29724
aXpire	AXP	?	0.044866	140772.0	None	-16.1851
Numus	NMS	?	6.30926	140626.0	None	-8.00793
Datawallet	DXT	?	0.118017	133488.0	None	12.3838
adbank	ADB	?	0.0220249	126383.0	None	-9.50076
BlockCDN	BCDN	?	0.111771	117572.0	None	-2.12763
TokenClub	TCT	?	0.0284705	105308.0	None	-3.51575
Smartlands	SLT	?	0.514058	95695.9	None	-14.8931
Crypterium	CRPT	?	0.644266	91047.4	None	-13.5226
SegWit2x	B2X	?	6.45007	86519.6	None	-17.5314
Sphre AIR 	XID	?	0.232702	84485.6	None	-3.10092
EA Coin	EAG	?	0.498702	80544.9	None	-5.01082
Jiyo	JIYO	?	0.0311314	80171.3	None	56.1251
Infinity Econ...	XIN	?	0.0128289	74610.9	None	-6.57452
ClubCoin	CLUB	?	1.13931	70932.9	None	-5.53946
MOAC	MOAC	?	13.4303	70655.5	None	-0.292746
DIMCOIN	DIM	?	0.00496612	64605.8	None	-6.74727
Maggie	MAG	?	0.0313187	63774.7	None	-5.12899
Bitcoin White	BTW	?	0.178255	58355.9	None	-12.4364
Shekel	JEW	?	0.0544842	55106.9	None	-40.8219
StrongHands	SHND	?	1.23235e-06	53285.0	None	-4.67962
Tokenbox	TBX	?	0.741701	51924.0	None	0.715432
Travelflex	TRF	?	0.131724	47797.4	None	-2.14719
StrikeBitClub	SBC	?	0.0272828	46794.5	None	-26.2799
EtherSportz	ESZ	?	0.4223	46719.2	None	-10.479
Indicoin	INDI	?	0.0675655	42341.4	None	72.9715
Tokugawa	TOK	?	1.59292	33215.9	None	-9.82902
GrandCoin	GDC	?	0.000598682	33185.6	None	-30.3891
Golos Gold	GBG	?	0.105222	31796.9	None	-5.22333
Kzcash	KZC	?	3.57758	30665.3	None	-3.27048
Swisscoin	SIC	?	0.00171052	30622.1	None	-18.8125
GameChain System	GCS	?	0.0207616	28918.5	None	-1.00995
MergeCoin	MGC	?	0.0501182	28505.5	None	-4.57061
Ignition	IC	?	11.224	27083.4	None	-11.2694
Bankex	BKX	?	0.91783	27002.7	None	-5.18368
DavorCoin	DAV	?	0.0359209	26519.8	None	-7.24079
MSD	MSD	?	0.00658533	25974.0	None	3.8276
SwapToken	TOKEN	?	3.02e-06	25203.4	None	-5.07985
Infinitecoin	IFC	?	0.00020345	24332.8	None	10.2397
Sense	SENSE	?	0.0453177	23282.9	None	0.804963
IPChain	IPC	?	0.667838	23128.8	None	-4.5091
Jingtum Tech	SWTC	?	0.0112183	22678.5	None	-0.52082
Zap	ZAP	?	0.229316	22624.3	None	-11.4586
IDEX Membership	IDXM	?	4890.13	22020.0	None	-13.0824
B3Coin	KB3	?	0.0166776	19599.3	None	-6.12109
TechShares	THS	?	0.445029	19596.7	None	-5.52535
DynamicCoin	DMC	?	0.00433268	18754.5	None	-13.363
HTML5COIN	HTML5	?	0.00111184	18581.8	None	-5.35135
BitSerial	BTE	?	0.0867906	17671.2	None	-29.2712
Crave	CRAVE	?	0.442664	17324.8	None	9.47014
Pabyosi Coin ...	PCS	?	0.188157	17151.3	None	2.038
TerraNova	TER	?	24.3014	16736.4	None	-8.43171
Equal	EQL	?	0.00421165	15373.6	None	3.09469
DRP Utility	DRPU	?	0.68011	14939.1	None	-8.66389
Sparks	SPK	?	0.829857	13891.3	None	-55.4216
ArbitrageCT	ARCT	?	0.0160285	13158.2	None	-4.03401
Galactrum	ORE	?	2.23231	10671.6	None	-11.8467
Storjcoin X	SJCX	?	0.986864	8909.67	None	-8.55037
Swarm	SWM	?	1.0501	8831.54	None	-8.09405
CasinoCoin	CSC	?	0.00153947	8624.89	None	-8.86943
Phantomx	PNX	?	0.122184	8521.33	None	1.64001
Harvest Maste...	HC	?	1.32548	8468.16	None	-6.76783
Wi Coin	WIC	?	0.00447886	6585.83	None	-23.5761
VPNCoin	VASH	?	0.00342104	6585.45	None	6.88155
Bitair	BTCA	?	0.00382103	6577.55	None	4.68564
UniversalRoya...	UNRC	?	0.00075824	6501.35	None	18.947
Maverick Chain	MVC	?	0.106822	6143.12	None	0.150569
FidentiaX	FDX	?	0.186684	5881.82	None	-11.4769
BestChain	BEST	?	0.00896966	5722.84	None	-9.13452
Escroco	ESC	?	1.08909	5706.85	None	-3.443
Happy Creator...	HCC	?	0.000171052	5666.7	None	54.9156
WA Space	WA	?	0.0120592	5113.76	None	11.2068
President Trump	PRES	?	0.0516851	4505.96	None	3.79555
Golfcoin	GOLF	?	0.000171052	4289.26	None	-3.77853
Cyder	CYDER	?	0.0065855	4088.41	None	8.9567
United Trader...	UTT	?	0.614102	3985.71	None	-3.12723
EncryptoTel [...	ETT	?	0.0697398	3797.21	None	-18.7844
KlondikeCoin	KDC	?	0.0292499	3760.95	None	-17.3264
NEO GOLD	NEOG	?	0.00354763	3652.75	None	-40.8876
Safe Trade Coin	XSTC	?	0.00128289	3634.19	None	-1.23723
OX Fina	OX	?	0.000942091	3343.71	None	-0.262212
Macro	MCR	?	0.62634	3271.35	None	-1.22688
Ethereum Lite	ELITE	?	0.35211	3237.03	None	1.34
Cloud	CLD	?	0.0668254	2935.24	None	-5.2343
GOLD Reward T...	GRX	?	0.0588525	2897.08	None	-10.1723
PlexCoin	PLX	?	0.0263975	2349.27	None	2.47141
MarxCoin	MARX	?	0.00256399	2285.29	None	-5.30632
FlappyCoin	FLAP	?	9.66602e-06	2091.3	None	-9.13005
ZenGold	ZENGOLD	?	0.0555071	1998.75	None	126.255
Royalties	XRY	?	8.5526e-05	1977.42	None	-54.9466
GAY Money	GAY	?	0.0386577	1906.81	None	-3.34362
NamoCoin	NAMO	?	0.000233441	1763.74	None	-12.4552
Vulcano	VULC	?	0.00546684	1688.51	None	0.450592
Elacoin	ELC	?	0.444735	1635.29	None	0.261703
UNCoin	UNC	?	8.5526e-05	1418.88	None	-3.77851
Monero Gold	XMRG	?	0.000171052	1368.32	None	-3.77853
CoffeeCoin	CFC	?	0.00222367	1315.53	None	-11.3805
Quotient	XQN	?	0.00803944	1229.75	None	-45.9936
Sakuracoin	SKR	?	0.00573024	1163.57	None	-3.74249
ZSEcoin	ZSE	?	0.0287902	1148.46	None	-0.42606
Zilbercoin	ZBC	?	0.0359888	1140.08	None	-12.3178
AlpaCoin	APC	?	0.00791542	1014.71	None	11.9144
WeAreSatoshi	WSX	?	0.0132565	1013.26	None	4.34624
DeusCoin	DEUS	?	0.179947	925.546	None	-3.75063
First Bitcoin	BIT	?	0.0285657	878.349	None	-22.6607
BTCMoon	BTCM	?	0.010883	838.06	None	8.58137
IrishCoin	IRL	?	0.0135986	709.289	None	-1.32519
SISA	SISA	?	0.0146247	603.929	None	14.1649
FireFlyCoin	FFC	?	0.00042763	585.805	None	20.2769
Bitok	BITOK	?	8.5526e-05	582.939	None	-3.77851
Francs	FRN	?	0.0605862	575.106	None	-0.508048
FAPcoin	FAP	?	0.00429929	546.566	None	-14.0213
Avoncoin	ACN	?	0.000940786	530.117	None	-3.80662
LandCoin	LDCN	?	0.00347146	520.237	None	-16.4043
Minex	MINEX	?	0.0179887	509.54	None	-7.98519
Akuya Coin	AKY	?	0.0157368	503.713	None	-3.25275
Sand Coin	SND	?	2.04407	480.656	None	-5.24668
Pirate Blocks	SKULL	?	0.00404371	385.96	None	-5.90218
PinkDog	PDG	?	0.000171052	361.198	None	-3.80761
STEX	STEX	?	1.79754	337.942	None	0.668076
Tellurion	TELL	?	0.000521742	319.996	None	34.4759
Fazzcoin	FAZZ	?	0.0752648	298.298	None	-5.08236
GlassCoin	GLS	?	0.320209	278.981	None	2.8103
Compcoin	CMP	?	12.672	253.15	None	-13.596
Regacoin	REGA	?	0.00222367	226.284	None	31.6715
Runners	RUNNERS	?	0.00042763	207.499	None	-15.1707
CORION	COR	?	0.419077	206.562	None	-3.78144
EDRCoin	EDRC	?	0.129121	187.197	None	-2.16079
Huncoin	HNC	?	0.00136842	174.83	None	-9.43863
RabbitCoin	RBBT	?	1.50652e-05	170.536	None	-9.5936
Natcoin	NTC	?	0.0287274	168.714	None	92.1375
Magnetcoin	MAGN	?	0.530945	140.406	None	-14.4508
TopCoin	TOP	?	0.00290788	135.526	None	5.50134
Qora	QORA	?	0.229257	127.988	None	-5.09517
India Coin	INDIA	?	0.000769734	122.193	None	-4.06357
Bubble	BUB	?	0.0177894	118.395	None	-28.7094
Musiconomi	MCI	?	0.103914	117.298	None	-4.05885
RubleBit	RUBIT	?	0.0069276	116.316	None	-13.4007
ANRYZE	RYZ	?	0.0117171	107.731	None	8.94501
UR	UR	?	0.00222367	100.724	None	8.39418
FutCoin	FUTC	?	0.00085526	95.1895	None	-12.5259
Hyper	HYPER	?	0.0613221	89.2366	None	-13.2191
UGAIN	GAIN	?	0.00578847	73.5303	None	16.617
HODL Bucks	HDLB	?	0.133335	71.0149	None	-11.7893
Axiom	AXIOM	?	0.0124013	52.169	None	-3.20013
Bitbase	BTBc	?	0.0019671	43.9558	None	22.9497
UtaCoin	UTA	?	0.000171052	37.8337	None	-60.6685
DarkLisk	DISK	?	0.00153947	31.5806	None	3.7116
SnakeEyes	SNAKE	?	0.0218407	30.0528	None	-5.97161
TeslaCoilCoin	TESLA	?	0.752971	29.4498	None	-29.2795
Opescoin	OPES	?	0.0026513	27.9969	None	-14.5431
Halloween Coin	HALLO	?	0.000367204	27.2705	None	3.16499
MoneyCoin	MONEY	?	8.5526e-05	25.6578	None	-51.8893
eGold	EGOLD	?	0.0252378	23.1288	None	15.0587
XDE II	XDE2	?	4.96786	20.1284	None	-61.4687
LinkedCoin	LKC	?	0.000256578	19.8987	None	-27.8339
MobileCash	MBL	?	0.000342104	17.9532	None	-3.80662
TeraCoin	TERA	?	1.64385e-06	12.4429	None	-66.5938
Rcoin	RCN	?	8.5526e-05	10.8233	None	-3.80662
Operand	OP	?	0.00213815	9.77143	None	41.5021
Tattoocoin (L...	TLE	?	1.40263	7.01313	None	-8.47133
PeopleCoin	MEN	?	8.5526e-05	4.2763	None	-3.80759
ShellCoin	SHELL	?	0.0352367	4.08737	None	-33.035
Topaz Coin	TOPAZ	?	0.470906	3.76725	None	-12.0525
Digital Bulli...	DBG	?	0.00205262	1.11269	None	-3.80663
Moneta	MONETA	?	0.000513156	0.980128	None	15.4309
President Joh...	GARY	?	0.215098	0.85526	None	20.9985
Voyacoin	VOYA	?	1.14125	0.0	None	-2.86935
Alphabit	ABC	?	119.08	0.0	None	-1.66836
SportsCoin	SPORT	?	0.00146106	0.0	None	-3.33568
Omicron	OMC	?	0.201213	0.0	None	-4.84409
Internet of T...	XOT	?	589.028	0.0	None	-3.98612
RHFCoin	RHFC	?	0.00102761	0.0	None	-3.65674
Peacecoin	PEC	?	0.0134692	None	None	-3.50942
Bitcoin	BTC	1.45380973616e+11	8621.14	5697550000.0	16863312.0	-3.42152
Ethereum	ETH	82612996455.7	846.452	2081380000.0	97599150.8741	-2.5463
Ripple	XRP	39930223423.9	1.02361	909129000.0	39009215838.0	-5.27545
Bitcoin Cash	BCH	20936121125.0	1234.0	441169000.0	16966062.5	-3.93475
Cardano	ADA	9624906395.82	0.37123	223205000.0	25927070538.0	-3.25245
Litecoin	LTC	8833834999.15	160.018	486856000.0	55205258.1531	-1.02959
Stellar	XLM	7462988399.05	0.404881	196311000.0	18432547832.7	2.22
NEO	NEO	7218315000.0	111.051	171040000.0	65000000.0	-2.53625
EOS	EOS	6138157175.12	9.19741	365728000.0	667378878.959	0.228868
IOTA	MIOTA	5034702178.11	1.81135	30044000.0	2779530283.0	-2.73018
NEM	XEM	4769351999.47	0.529928	35046300.0	8999999999.0	-5.47294
Dash	DASH	4694745707.83	595.579	74874100.0	7882658.23313	-4.31973
Monero	XMR	3708957114.88	235.958	46855000.0	15718717.3772	-4.57957
Ethereum Classic	ETC	3487379652.11	34.9301	1202020000.0	99838811.0	17.7974
Lisk	LSK	3087679817.71	26.1582	71549700.0	118038696.0	-7.10215
TRON	TRX	2853570175.73	0.0434015	178661000.0	65748192475.5	-5.92388
Qtum	QTUM	2249658298.1	30.4503	253502000.0	73879676.0	0.524335
Tether	USDT	2219513154.19	1.00107	2226520000.0	2217140813.52	-0.0190081
Bitcoin Gold	BTG	2047483038.39	121.71	84922300.0	16822636.089	5.64381
VeChain	VEN	1981348057.47	4.20664	38404500.0	471004901.172	-2.4579
ICON	ICX	1504814712.62	3.94452	35590800.0	381495014.0	-7.12406
Zcash	ZEC	1463114497.92	447.011	69923200.0	3273106.25	-3.15068
OmiseGO	OMG	1332696134.54	13.0602	23364100.0	102042551.763	1.05269
Nano	XRB	1199771593.58	9.00403	21277800.0	133248289.22	-7.69238
Steem	STEEM	1039808808.14	4.16994	25165600.0	249358218.137	-2.90056
Populous	PPT	988910416.336	26.7244	6104970.0	37004026.8944	-10.1815
Binance Coin	BNB	893065684.26	9.01959	41763300.0	99014000.0	-2.93513
Bytecoin	BCN	841461295.553	0.00457998	2050710.0	1.83725975998e+11	-5.02569
Stratis	STRAT	791381728.834	8.01484	17640700.0	98739554.2311	1.24424
Verge	XVG	774794357.272	0.0530938	11009700.0	14592934716.9	-5.21906
Siacoin	SC	750355842.354	0.0231171	9268280.0	32458908875.0	-3.98047
Status	SNT	749114337.091	0.215853	47471500.0	3470483788.0	-3.28663
Dogecoin	DOGE	640965131.99	0.00566262	14466900.0	1.13192326519e+11	3.26003
Maker	MKR	638338719.467	1032.53	666367.0	618227.770106	-3.83226
BitShares	BTS	623609735.0	0.23905	14167200.0	2608700000.0	-3.19437
Revain	R	622655243.0	3.37574	33805500.0	184450000.0	5.89401
RChain	RHOC	612248647.838	1.7067	758564.0	358732435.6	-1.55209
Aeternity	AE	566395870.953	2.43067	7229290.0	233020472.114	-6.24609
Waves	WAVES	561737000.0	5.61737	16949300.0	100000000.0	-1.91335
U.CASH	UCASH	551309404.153	0.0638436	516079.0	8635311983.55	-64.2708
Augur	REP	545761700.0	49.6147	5448230.0	11000000.0	-7.81669
Hshare	HSR	542074241.075	12.7186	81392600.0	42620590.4011	3.06066
Walton	WTC	534912456.152	21.484	5652470.0	24898178.0	-3.42178
Veritaseum	VERI	523717264.96	257.147	156768.0	2036645.44	-4.06654
Ardor	ARDR	502176067.147	0.502679	8529740.0	998999495.0	-4.64986
Decred	DCR	494313373.351	73.2192	916857.0	6751144.14458	-5.3475
KuCoin Shares	KCS	493862255.332	5.42449	1245760.0	91043076.0001	-6.18544
ZClassic	ZCL	492898585.8	149.011	35908600.0	3307800.0	31.0138
0x	ZRX	489825952.025	0.963917	12233200.0	508161960.028	-6.65057
DigixDAO	DGD	445050000.0	222.525	5220790.0	2000000.0	-6.76159
Electroneum	ETN	417266781.836	0.0678871	2009960.0	6146481170.0	-4.20803
Komodo	KMD	413753170.244	4.00429	2211920.0	103327473.845	-5.69295
Ark	ARK	412274222.073	4.09751	3742080.0	100615794.0	-0.208137
Byteball Bytes	GBYTE	372438944.729	577.226	949673.0	645222.052938	2.54398
Gas	GAS	367386055.98	37.8717	3493850.0	9700807.0929	-3.55066
Dragonchain	DRGN	365603355.454	1.53343	2660930.0	238421940.0	-6.08102
Loopring	LRC	353270422.985	0.629483	975917.0	561207249.418	-4.74929
Kyber Network	KNC	352870933.776	2.63076	11198100.0	134132696.93	-6.6159
Bytom	BTM	352807098.0	0.357454	10255000.0	987000000.0	-2.8673
DigiByte	DGB	348066636.116	0.0353788	3530200.0	9838282703.66	-6.11334
Basic Attenti...	BAT	346107000.0	0.346107	3334590.0	1000000000.0	-8.72886
Zilliqa	ZIL	334666710.405	0.0513984	6757360.0	6511228178.4	-0.773453
Dentacoin	DCN	319505876.97	0.00098241	421644.0	3.25226613094e+11	-10.0963
PIVX	PIVX	311728423.676	5.61131	7545050.0	55553591.5277	-6.83905
QASH	QASH	299655650.0	0.856159	3648390.0	350000000.0	-4.36256
Syscoin	SYS	299588455.404	0.564268	2963600.0	530932917.344	2.4809
Golem	GNT	295876858.134	0.354657	4241900.0	834262000.0	-5.29561
Ethos	ETHOS	289346363.864	3.81722	1190130.0	75800284.9885	-5.29739
aelf	ELF	285705000.0	1.14282	20160900.0	250000000.0	-4.36655
Nebulas	NAS	285675245.0	8.04719	7962500.0	35500000.0	-6.36869
Bitcore	BTX	278988804.025	24.5727	1353920.0	11353608.0294	-1.64597
GXShares	GXS	277264200.0	4.62107	11585000.0	60000000.0	-3.39494
Cryptonex	CNX	276856841.432	6.13675	235048.0	45114570.6492	-8.36879
Power Ledger	POWR	273771776.808	0.752456	12854400.0	363837588.92	-1.09563
Pillar	PLR	270587912.0	1.19	209570.0	227384800.0	1.86777
Factom	FCT	259453184.177	29.6684	8395390.0	8745102.0	3.57595
Aion	AION	251134339.594	2.81887	3367160.0	89090429.709	-8.54917
IOStoken	IOST	250285497.761	0.0368386	44037700.0	6794109921.69	-2.53637
Dent	DENT	243579042.729	0.0229472	1606310.0	10614760961.2	-6.86915
MonaCoin	MONA	241869347.075	4.21337	3648490.0	57405199.8935	-4.59881
Cindicator	CND	239748702.583	0.165804	4448200.0	1445976590.33	-7.71863
FunFair	FUN	228882868.666	0.0508212	2137650.0	4503688788.66	-6.88703
Enigma	ENG	222032932.73	2.96692	6429440.0	74836171.09	-8.0525
SALT	SALT	216012907.313	4.07032	2438660.0	53070251.8015	-5.7105
ZCoin	XZC	212812150.141	51.9351	5444920.0	4097655.53818	-6.96662
Kin	KIN	204242365.854	0.000270127	238352.0	7.56097560976e+11	-6.0397
Particl	PART	198233932.226	22.3479	292196.0	8870360.62567	-6.3339
ChainLink	LINK	194628000.0	0.55608	30684800.0	350000000.0	10.1044
Bancor	BNT	193611584.612	4.99889	9164680.0	38730915.1856	-3.1437
Nxt	NXT	192460335.731	0.192653	4713740.0	998999941.508	-2.86581
Polymath	POLY	192137975.773	0.802011	283244.0	239570250.0	-3.22829
TenX	PAY	189361614.957	1.80928	2934500.0	104661310.0	-6.72485
ReddCoin	RDD	186962804.263	0.00650259	1139810.0	28752051761.4	-3.5369
MaidSafeCoin	MAID	185675013.805	0.410284	1655780.0	452552412.0	-6.21264
Request Network	REQ	175988517.875	0.274355	3570910.0	641462768.585	-7.63706
Quantstamp	QSP	175901821.032	0.284947	2976790.0	617314170.819	-6.44616
Emercoin	EMC	173355015.396	4.19382	1357150.0	41335826.3818	-3.15942
SmartCash	SMART	172330997.852	0.247109	332798.0	697388593.1	-12.5295
Ignis	IGNIS	170704798.242	0.224274	5021050.0	761143950.0	-4.44966
Experience Po...	XP	166769848.97	0.000778533	770054.0	2.1421037897e+11	-7.70296
